loan_id,loan_amount,loan_term_months,interest_rate,loan_to_value,debt_to_income,defaulted,credit_score,credit_accounts,credit_utilization,bankruptcies,delinquencies_2yr,inquiries_6mo,oldest_account_years,total_credit_limit,has_bankruptcy,has_delinquency,high_inquiries,years_employed,annual_income,monthly_debt,employment_verified,income_verified,debt_service_ratio,total_payments,late_payment_count,severe_delinquency_count,avg_days_late,max_days_late,total_shortfall,on_time_count,late_payment_rate,on_time_rate,severe_delinquency_flag,avg_shortfall_ratio,purpose_Cash Out,purpose_Purchase,purpose_Refinance,prop_Condo,prop_Single Family,prop_Townhouse,emp_Employed,emp_Self-Employed,emplr_Government,emplr_Private,emplr_Self,fico_Very Poor,fico_Poor,fico_Fair,fico_Good,fico_Excellent,util_Low,util_Moderate,util_High,util_Very High,inc_Low,inc_Low-Middle,inc_Middle,inc_High,ten_New,ten_Developing,ten_Established,ten_Veteran
L0001,250000,360,6.5,80,35,0,720,8,35,0,0,2,12,45000,0,0,0,8,95000,2800,1,1,0.35368421052631577,4.0,1.0,0.0,0.75,3.0,0.0,0.0,0.25,0.0,0.0,0.0,0,1,0,0,1,0,1,0,0,1,0,0,0,0,1,0,0,0,0,0,0,0,1,0,0,0,1,0
L0002,180000,360,6.75,75,28,0,745,10,28,0,0,1,15,55000,0,0,0,12,82000,1900,1,1,0.2780487804878049,4.0,2.0,0.0,4.25,12.0,75.0,0.0,0.5,0.0,0.0,0.02586206896551724,0,0,1,1,0,0,1,0,1,0,0,0,0,0,1,0,0,0,0,0,0,0,1,0,0,0,0,1
L0003,320000,360,6.25,85,42,1,650,5,68,0,2,4,6,25000,0,1,1,2,55000,3200,1,1,0.6981818181818182,4.0,0.0,0.0,0.0,0.0,0.0,0.0,0.0,0.0,0.0,0.0,0,1,0,0,1,0,1,0,0,1,0,0,0,1,0,0,0,0,0,0,0,1,0,0,0,1,0,0
L0004,150000,180,7.0,70,31,0,710,7,32,0,0,2,10,40000,0,0,0,6,78000,2100,1,1,0.3230769230769231,4.0,1.0,0.0,2.0,8.0,92.29999999999995,0.0,0.25,0.0,0.0,0.025860136725316587,1,0,0,0,1,0,1,0,0,1,0,0,0,0,1,0,0,0,0,0,0,0,1,0,0,0,1,0
L0005,275000,360,6.5,90,45,1,620,4,75,0,3,5,4,18000,0,1,1,1,48000,3600,1,0,0.9,4.0,2.0,0.0,9.25,22.0,0.0,0.0,0.5,0.0,0.0,0.0,0,1,0,0,0,1,1,0,0,1,0,0,1,0,0,0,0,0,0,0,0,1,0,0,1,0,0,0
L0006,420000,360,6.0,78,33,0,780,12,22,0,0,1,18,75000,0,0,0,15,145000,4000,1,1,0.3310344827586207,4.0,0.0,0.0,0.0,0.0,0.0,0.0,0.0,0.0,0.0,0.0,0,1,0,0,1,0,1,0,0,1,0,0,0,0,0,1,0,0,0,0,0,0,0,1,0,0,0,1
L0007,195000,360,6.875,72,29,0,735,9,30,0,0,1,14,52000,0,0,0,10,88000,2200,1,1,0.3,4.0,1.0,0.0,1.75,7.0,150.0,0.0,0.25,0.0,0.0,0.03,0,0,1,1,0,0,1,0,1,0,0,0,0,0,1,0,0,0,0,0,0,0,1,0,0,0,0,1
L0008,165000,240,7.25,65,38,0,695,6,42,0,1,3,8,32000,0,1,1,4,65000,2800,1,1,0.5169230769230769,4.0,0.0,0.0,0.0,0.0,0.0,0.0,0.0,0.0,0.0,0.0,1,0,0,0,1,0,1,0,0,1,0,0,0,1,0,0,0,0,0,0,0,0,1,0,0,1,0,0
L0009,380000,360,6.125,88,48,1,605,3,82,1,4,6,3,15000,1,1,1,1,42000,4100,0,0,1.1714285714285715,4.0,3.0,0.0,11.75,25.0,75.5,0.0,0.75,0.0,0.0,0.027942264988897115,0,1,0,0,1,0,0,1,0,0,1,0,1,0,0,0,0,0,0,0,0,1,0,0,1,0,0,0
L0010,225000,360,6.625,82,36,0,725,8,33,0,0,2,11,48000,0,0,0,7,92000,2700,1,1,0.3521739130434783,4.0,0.0,0.0,0.0,0.0,0.0,0.0,0.0,0.0,0.0,0.0,0,1,0,0,0,1,1,0,0,1,0,0,0,0,1,0,0,0,0,0,0,0,1,0,0,0,1,0
L0011,290000,360,6.375,79,34,0,740,10,27,0,0,1,16,58000,0,0,0,11,98000,2200,1,1,0.2693877551020408,4.0,1.0,0.0,2.5,10.0,115.75,0.0,0.25,0.0,0.0,0.03547349065277352,0,1,0,0,1,0,1,0,0,1,0,0,0,0,1,0,0,0,0,0,0,0,1,0,0,0,0,1
L0012,175000,180,7.125,68,27,0,750,11,25,0,0,1,17,62000,0,0,0,14,105000,2300,1,1,0.26285714285714284,4.0,0.0,0.0,0.0,0.0,0.0,0.0,0.0,0.0,0.0,0.0,0,0,1,1,0,0,1,0,1,0,0,0,0,0,0,1,0,0,0,0,0,0,0,1,0,0,0,1
L0013,450000,360,5.875,75,32,0,795,14,18,0,0,0,22,95000,0,0,0,18,165000,4500,1,1,0.32727272727272727,4.0,1.0,0.0,3.5,14.0,250.0,0.0,0.25,0.0,0.0,0.04310344827586207,0,1,0,0,1,0,1,0,0,1,0,0,0,0,0,1,0,0,0,0,0,0,0,1,0,0,0,1
L0014,210000,360,6.75,92,51,1,590,3,88,1,5,7,2,12000,1,1,1,1,38000,3800,1,0,1.2,4.0,0.0,0.0,0.0,0.0,0.0,0.0,0.0,0.0,0.0,0.0,0,1,0,0,0,1,1,0,0,1,0,1,0,0,0,0,0,0,0,0,0,1,0,0,1,0,0,0
L0015,340000,360,6.25,71,30,0,755,11,24,0,0,1,18,68000,0,0,0,13,112000,2800,1,1,0.3,4.0,3.0,0.0,14.0,30.0,130.25,0.0,0.75,0.0,0.0,0.04173341877603332,0,0,1,0,1,0,1,0,0,1,0,0,0,0,0,1,0,0,0,0,0,0,0,1,0,0,0,1
L0016,155000,240,7.375,78,44,1,625,4,72,0,3,5,5,20000,0,1,1,2,45000,3400,0,0,0.9066666666666666,4.0,0.0,0.0,0.0,0.0,0.0,0.0,0.0,0.0,0.0,0.0,1,0,0,1,0,0,0,1,0,0,1,0,1,0,0,0,0,0,0,0,0,1,0,0,0,1,0,0
L0017,265000,360,6.5,83,37,0,730,9,31,0,0,2,13,50000,0,0,0,9,96000,2900,1,1,0.3625,4.0,1.0,0.0,2.25,9.0,75.5,0.0,0.25,0.0,0.0,0.020394381415451107,0,1,0,0,1,0,1,0,0,1,0,0,0,0,1,0,0,0,0,0,0,0,1,0,0,0,1,0
L0018,395000,360,6.0,76,29,0,775,13,20,0,0,0,20,85000,0,0,0,16,155000,4200,1,1,0.3251612903225806,4.0,0.0,0.0,0.0,0.0,0.0,0.0,0.0,0.0,0.0,0.0,0,1,0,0,1,0,1,0,0,1,0,0,0,0,0,1,0,0,0,0,0,0,0,1,0,0,0,1
L0019,185000,360,6.875,69,26,0,760,12,23,0,0,1,19,72000,0,0,0,15,115000,2500,1,1,0.2608695652173913,4.0,1.0,0.0,2.75,11.0,125.0,0.0,0.25,0.0,0.0,0.027777777777777776,0,0,1,0,0,1,1,0,1,0,0,0,0,0,0,1,0,0,0,0,0,0,0,1,0,0,0,1
L0020,310000,360,6.375,91,49,1,600,3,85,1,4,6,3,14000,1,1,1,1,40000,3900,1,0,1.17,4.0,0.0,0.0,0.0,0.0,0.0,0.0,0.0,0.0,0.0,0.0,0,1,0,0,1,0,1,0,0,1,0,0,1,0,0,0,0,0,0,0,0,1,0,0,1,0,0,0
L0021,240000,360,6.625,80,35,0,720,8,34,0,0,2,12,46000,0,0,0,8,94000,2700,1,1,0.3446808510638298,4.0,2.0,0.0,11.0,28.0,95.0,0.0,0.5,0.0,0.0,0.028106508875739646,0,1,0,1,0,0,1,0,0,1,0,0,0,0,1,0,0,0,0,0,0,0,1,0,0,0,1,0
L0022,175000,180,7.0,67,41,0,685,6,45,0,1,3,7,30000,0,1,1,5,62000,2900,1,1,0.5612903225806452,4.0,0.0,0.0,0.0,0.0,0.0,0.0,0.0,0.0,0.0,0.0,1,0,0,0,1,0,1,0,0,1,0,0,0,1,0,0,0,0,0,0,0,0,1,0,0,0,1,0
L0023,365000,360,6.125,84,38,0,740,10,28,0,0,1,15,56000,0,0,0,10,105000,3300,1,1,0.37714285714285717,4.0,1.0,0.0,2.0,8.0,150.75,0.0,0.25,0.0,0.0,0.0279011660188784,0,1,0,0,1,0,1,0,0,1,0,0,0,0,1,0,0,0,0,0,0,0,0,1,0,0,0,1
L0024,200000,360,6.75,73,28,0,755,11,25,0,0,1,18,65000,0,0,0,12,95000,2200,1,1,0.27789473684210525,4.0,0.0,0.0,0.0,0.0,0.0,0.0,0.0,0.0,0.0,0.0,0,0,1,0,0,1,1,0,1,0,0,0,0,0,0,1,0,0,0,0,0,0,1,0,0,0,0,1
L0025,285000,360,6.5,89,47,1,610,4,78,0,3,5,4,17000,0,1,1,2,52000,3700,1,0,0.8538461538461538,4.0,1.0,0.0,3.25,13.0,75.25,0.0,0.25,0.0,0.0,0.019289925660087158,0,1,0,0,1,0,1,0,0,1,0,0,1,0,0,0,0,0,0,0,0,1,0,0,0,1,0,0
L0026,430000,360,5.875,74,31,0,785,13,19,0,0,0,21,90000,0,0,0,17,158000,4100,1,1,0.31139240506329113,4.0,0.0,0.0,0.0,0.0,0.0,0.0,0.0,0.0,0.0,0.0,0,1,0,0,1,0,1,0,0,1,0,0,0,0,0,1,0,0,0,0,0,0,0,1,0,0,0,1
L0027,160000,240,7.25,66,43,1,630,4,70,0,2,4,5,22000,0,1,1,3,48000,3300,0,0,0.825,4.0,3.0,0.0,12.0,24.0,65.75,0.0,0.75,0.0,0.0,0.02296542088718128,1,0,0,1,0,0,0,1,0,0,1,0,1,0,0,0,0,0,0,0,0,1,0,0,0,1,0,0
L0028,350000,360,6.25,81,36,0,745,10,27,0,0,1,16,58000,0,0,0,11,102000,3000,1,1,0.35294117647058826,4.0,0.0,0.0,0.0,0.0,0.0,0.0,0.0,0.0,0.0,0.0,0,1,0,0,1,0,1,0,0,1,0,0,0,0,1,0,0,0,0,0,0,0,0,1,0,0,0,1
L0029,215000,360,6.625,77,33,0,735,9,29,0,0,2,14,52000,0,0,0,9,88000,2400,1,1,0.32727272727272727,4.0,1.0,0.0,2.5,10.0,125.5,0.0,0.25,0.0,0.0,0.02917247791724779,0,1,0,0,0,1,1,0,0,1,0,0,0,0,1,0,0,0,0,0,0,0,1,0,0,0,1,0
L0030,300000,360,6.375,70,27,0,765,12,22,0,0,1,19,75000,0,0,0,14,118000,2600,1,1,0.26440677966101694,4.0,0.0,0.0,0.0,0.0,0.0,0.0,0.0,0.0,0.0,0.0,0,0,1,0,1,0,1,0,1,0,0,0,0,0,0,1,0,0,0,0,0,0,0,1,0,0,0,1
L0031,190000,180,7.0,93,52,1,595,3,86,1,5,6,2,13000,1,1,1,1,35000,4000,1,0,1.3714285714285714,4.0,1.0,0.0,3.75,15.0,95.0,0.0,0.25,0.0,0.0,0.02653631284916201,1,0,0,0,1,0,1,0,0,1,0,1,0,0,0,0,0,0,0,0,0,1,0,0,1,0,0,0
L0032,275000,360,6.5,82,39,0,725,8,33,0,0,2,12,47000,0,0,0,8,92000,2900,1,1,0.3782608695652174,4.0,0.0,0.0,0.0,0.0,0.0,0.0,0.0,0.0,0.0,0.0,0,1,0,1,0,0,1,0,0,1,0,0,0,0,1,0,0,0,0,0,0,0,1,0,0,0,1,0
L0033,410000,360,6.0,75,30,0,780,13,21,0,0,0,20,82000,0,0,0,16,152000,4200,1,1,0.33157894736842103,4.0,1.0,0.0,3.0,12.0,125.0,0.0,0.25,0.0,0.0,0.025510204081632654,0,1,0,0,1,0,1,0,0,1,0,0,0,0,0,1,0,0,0,0,0,0,0,1,0,0,0,1
L0034,170000,360,6.875,68,25,0,760,12,24,0,0,1,18,70000,0,0,0,13,108000,2300,1,1,0.25555555555555554,4.0,0.0,0.0,0.0,0.0,0.0,0.0,0.0,0.0,0.0,0.0,0,0,1,0,0,1,1,0,1,0,0,0,0,0,0,1,0,0,0,0,0,0,0,1,0,0,0,1
L0035,330000,360,6.25,87,46,1,615,4,76,0,3,5,4,19000,0,1,1,2,50000,3800,1,0,0.912,4.0,1.0,0.0,2.0,8.0,75.25,0.0,0.25,0.0,0.0,0.022796122387155407,0,1,0,0,1,0,1,0,0,1,0,0,1,0,0,0,0,0,0,0,0,1,0,0,0,1,0,0
L0036,255000,360,6.5,79,34,0,735,9,30,0,0,2,13,51000,0,0,0,10,98000,2700,1,1,0.3306122448979592,4.0,0.0,0.0,0.0,0.0,0.0,0.0,0.0,0.0,0.0,0.0,0,1,0,0,1,0,1,0,0,1,0,0,0,0,1,0,0,0,0,0,0,0,1,0,0,0,0,1
L0037,385000,360,6.125,76,32,0,770,12,22,0,0,1,19,78000,0,0,0,15,138000,3800,1,1,0.33043478260869563,4.0,2.0,0.0,9.5,21.0,150.75,0.0,0.5,0.0,0.0,0.032750380186834675,0,1,0,0,1,0,1,0,0,1,0,0,0,0,0,1,0,0,0,0,0,0,0,1,0,0,0,1
L0038,145000,240,7.375,64,40,0,700,7,38,0,1,2,9,35000,0,1,0,6,72000,3200,1,1,0.5333333333333333,4.0,0.0,0.0,0.0,0.0,0.0,0.0,0.0,0.0,0.0,0.0,1,0,0,1,0,0,1,0,0,1,0,0,0,0,1,0,0,0,0,0,0,0,1,0,0,0,1,0
L0039,295000,360,6.375,90,50,1,605,3,83,1,4,6,3,15000,1,1,1,1,38000,4200,0,0,1.3263157894736841,4.0,1.0,0.0,3.5,14.0,85.5,0.0,0.25,0.0,0.0,0.031181619256017507,0,1,0,0,0,1,0,1,0,0,1,0,1,0,0,0,0,0,0,0,0,1,0,0,1,0,0,0
L0040,230000,360,6.625,72,29,0,750,11,26,0,0,1,17,63000,0,0,0,11,98000,2400,1,1,0.2938775510204082,4.0,0.0,0.0,0.0,0.0,0.0,0.0,0.0,0.0,0.0,0.0,0,0,1,0,1,0,1,0,1,0,0,0,0,0,0,1,0,0,0,0,0,0,1,0,0,0,0,1
L0041,360000,360,6.25,83,37,0,740,10,28,0,0,1,15,55000,0,0,0,10,102000,3100,1,1,0.36470588235294116,4.0,1.0,0.0,2.25,9.0,85.75,0.0,0.25,0.0,0.0,0.0217474004565052,0,1,0,0,1,0,1,0,0,1,0,0,0,0,1,0,0,0,0,0,0,0,0,1,0,0,0,1
L0042,180000,180,7.0,67,42,1,640,5,65,0,2,4,6,24000,0,1,1,3,58000,3500,1,0,0.7241379310344828,4.0,0.0,0.0,0.0,0.0,0.0,0.0,0.0,0.0,0.0,0.0,1,0,0,0,1,0,1,0,0,1,0,0,1,0,0,0,0,0,0,0,0,1,0,0,0,1,0,0
L0043,440000,360,5.875,74,28,0,790,14,17,0,0,0,22,92000,0,0,0,18,168000,4000,1,1,0.2857142857142857,4.0,1.0,0.0,2.75,11.0,125.0,0.0,0.25,0.0,0.0,0.02358490566037736,0,1,0,0,1,0,1,0,0,1,0,0,0,0,0,1,0,0,0,0,0,0,0,1,0,0,0,1
L0044,205000,360,6.75,85,44,1,620,4,74,0,3,5,4,18000,0,1,1,2,46000,3600,1,0,0.9391304347826087,4.0,0.0,0.0,0.0,0.0,0.0,0.0,0.0,0.0,0.0,0.0,0,1,0,1,0,0,1,0,0,1,0,0,1,0,0,0,0,0,0,0,0,1,0,0,0,1,0,0
L0045,320000,360,6.375,71,31,0,755,11,24,0,0,1,18,67000,0,0,0,12,108000,2700,1,1,0.3,4.0,3.0,0.0,12.5,26.0,75.25,0.0,0.75,0.0,0.0,0.024908970539556437,0,0,1,0,1,0,1,0,1,0,0,0,0,0,0,1,0,0,0,0,0,0,0,1,0,0,0,1
L0046,165000,240,7.125,78,45,1,625,4,71,0,3,5,5,21000,0,1,1,2,52000,3400,0,0,0.7846153846153846,4.0,0.0,0.0,0.0,0.0,0.0,0.0,0.0,0.0,0.0,0.0,1,0,0,0,0,1,0,1,0,0,1,0,1,0,0,0,0,0,0,0,0,1,0,0,0,1,0,0
L0047,280000,360,6.5,80,35,0,730,9,31,0,0,2,13,49000,0,0,0,9,95000,2700,1,1,0.3410526315789474,4.0,1.0,0.0,3.25,13.0,135.5,0.0,0.25,0.0,0.0,0.031206817134960846,0,1,0,0,1,0,1,0,0,1,0,0,0,0,1,0,0,0,0,0,0,0,1,0,0,0,1,0
L0048,400000,360,6.0,75,29,0,775,13,20,0,0,0,20,84000,0,0,0,16,148000,3600,1,1,0.2918918918918919,4.0,0.0,0.0,0.0,0.0,0.0,0.0,0.0,0.0,0.0,0.0,0,1,0,0,1,0,1,0,0,1,0,0,0,0,0,1,0,0,0,0,0,0,0,1,0,0,0,1
L0049,195000,360,6.875,69,26,0,765,12,23,0,0,1,19,73000,0,0,0,14,112000,2400,1,1,0.2571428571428571,4.0,1.0,0.0,2.5,10.0,95.0,0.0,0.25,0.0,0.0,0.02513227513227513,0,0,1,1,0,0,1,0,1,0,0,0,0,0,0,1,0,0,0,0,0,0,0,1,0,0,0,1
L0050,345000,360,6.25,92,53,1,600,3,84,1,4,6,3,14000,1,1,1,1,36000,4100,1,0,1.3666666666666667,4.0,0.0,0.0,0.0,0.0,0.0,0.0,0.0,0.0,0.0,0.0,0,1,0,0,1,0,1,0,0,1,0,0,1,0,0,0,0,0,0,0,0,1,0,0,1,0,0,0
L0051,245000,360,6.625,81,36,0,725,8,32,0,0,2,11,47000,0,0,0,8,90000,2700,1,1,0.36,4.0,1.0,0.0,4.0,16.0,125.75,0.0,0.25,0.0,0.0,0.02673825217945992,0,1,0,0,0,1,1,0,0,1,0,0,0,0,1,0,0,0,0,0,0,0,1,0,0,0,1,0
L0052,175000,180,7.0,66,39,0,690,6,44,0,1,3,8,31000,0,1,1,5,68000,3100,1,1,0.5470588235294118,4.0,0.0,0.0,0.0,0.0,0.0,0.0,0.0,0.0,0.0,0.0,1,0,0,0,1,0,1,0,0,1,0,0,0,1,0,0,0,0,0,0,0,0,1,0,0,0,1,0
L0053,375000,360,6.125,77,33,0,745,10,27,0,0,1,16,57000,0,0,0,11,108000,3000,1,1,0.3333333333333333,4.0,1.0,0.0,1.75,7.0,85.25,0.0,0.25,0.0,0.0,0.024631609361456225,0,1,0,0,1,0,1,0,0,1,0,0,0,0,1,0,0,0,0,0,0,0,0,1,0,0,0,1
L0054,210000,360,6.75,73,28,0,755,11,25,0,0,1,17,64000,0,0,0,13,102000,2400,1,1,0.2823529411764706,4.0,0.0,0.0,0.0,0.0,0.0,0.0,0.0,0.0,0.0,0.0,0,0,1,0,1,0,1,0,1,0,0,0,0,0,0,1,0,0,0,0,0,0,0,1,0,0,0,1
L0055,305000,360,6.375,88,48,1,610,4,77,0,3,5,4,18000,0,1,1,2,48000,3800,1,0,0.95,4.0,2.0,0.0,9.25,22.0,125.0,0.0,0.5,0.0,0.0,0.024509803921568627,0,1,0,1,0,0,1,0,0,1,0,0,1,0,0,0,0,0,0,0,0,1,0,0,0,1,0,0
L0056,425000,360,5.875,74,30,0,785,13,19,0,0,0,21,88000,0,0,0,17,162000,4300,1,1,0.31851851851851853,4.0,0.0,0.0,0.0,0.0,0.0,0.0,0.0,0.0,0.0,0.0,0,1,0,0,1,0,1,0,0,1,0,0,0,0,0,1,0,0,0,0,0,0,0,1,0,0,0,1
L0057,160000,240,7.25,65,41,0,695,7,40,0,1,2,9,34000,0,1,0,6,75000,3300,1,1,0.528,4.0,1.0,0.0,3.0,12.0,75.5,0.0,0.25,0.0,0.0,0.023727215587680706,1,0,0,0,0,1,1,0,0,1,0,0,0,1,0,0,0,0,0,0,0,0,1,0,0,0,1,0
L0058,270000,360,6.5,84,38,0,735,9,30,0,0,2,14,53000,0,0,0,10,98000,3100,1,1,0.3795918367346939,4.0,0.0,0.0,0.0,0.0,0.0,0.0,0.0,0.0,0.0,0.0,0,1,0,0,1,0,1,0,0,1,0,0,0,0,1,0,0,0,0,0,0,0,1,0,0,0,0,1
L0059,355000,360,6.25,70,27,0,765,12,23,0,0,1,19,74000,0,0,0,14,115000,2600,1,1,0.271304347826087,4.0,1.0,0.0,2.25,9.0,100.0,0.0,0.25,0.0,0.0,0.024390243902439025,0,0,1,0,1,0,1,0,1,0,0,0,0,0,0,1,0,0,0,0,0,0,0,1,0,0,0,1
L0060,200000,360,6.75,91,51,1,595,3,85,1,5,6,2,13000,1,1,1,1,38000,4000,1,0,1.263157894736842,4.0,0.0,0.0,0.0,0.0,0.0,0.0,0.0,0.0,0.0,0.0,0,1,0,1,0,0,1,0,0,1,0,1,0,0,0,0,0,0,0,0,0,1,0,0,1,0,0,0
L0061,290000,360,6.5,79,34,0,730,9,31,0,0,2,13,50000,0,0,0,9,96000,2700,1,1,0.3375,4.0,1.0,0.0,3.5,14.0,125.75,0.0,0.25,0.0,0.0,0.02792582722629358,0,1,0,0,1,0,1,0,0,1,0,0,0,0,1,0,0,0,0,0,0,0,1,0,0,0,1,0
L0062,390000,360,6.0,76,31,0,775,13,21,0,0,0,20,83000,0,0,0,15,142000,3700,1,1,0.3126760563380282,4.0,0.0,0.0,0.0,0.0,0.0,0.0,0.0,0.0,0.0,0.0,0,1,0,0,1,0,1,0,0,1,0,0,0,0,0,1,0,0,0,0,0,0,0,1,0,0,0,1
L0063,185000,180,7.0,68,43,1,635,5,67,0,2,4,5,23000,0,1,1,3,52000,3400,0,0,0.7846153846153846,4.0,3.0,0.0,11.75,25.0,85.25,0.0,0.75,0.0,0.0,0.023285987435127015,1,0,0,0,1,0,0,1,0,0,1,0,1,0,0,0,0,0,0,0,0,1,0,0,0,1,0,0
L0064,335000,360,6.25,82,37,0,740,10,28,0,0,1,15,56000,0,0,0,10,105000,3200,1,1,0.3657142857142857,4.0,0.0,0.0,0.0,0.0,0.0,0.0,0.0,0.0,0.0,0.0,0,1,0,0,0,1,1,0,0,1,0,0,0,0,1,0,0,0,0,0,0,0,0,1,0,0,0,1
L0065,225000,360,6.625,72,29,0,755,11,25,0,0,1,18,66000,0,0,0,12,98000,2400,1,1,0.2938775510204082,4.0,1.0,0.0,2.75,11.0,120.0,0.0,0.25,0.0,0.0,0.02510460251046025,0,0,1,1,0,0,1,0,1,0,0,0,0,0,0,1,0,0,0,0,0,0,1,0,0,0,0,1
L0066,415000,360,5.875,75,28,0,790,14,18,0,0,0,22,91000,0,0,0,18,172000,4100,1,1,0.28604651162790695,4.0,0.0,0.0,0.0,0.0,0.0,0.0,0.0,0.0,0.0,0.0,0,1,0,0,1,0,1,0,0,1,0,0,0,0,0,1,0,0,0,0,0,0,0,1,0,0,0,1
L0067,170000,240,7.125,93,54,1,590,3,87,1,5,7,2,12000,1,1,1,1,34000,4200,1,0,1.4823529411764707,4.0,1.0,0.0,2.0,8.0,105.5,0.0,0.25,0.0,0.0,0.02498815727143534,1,0,0,0,1,0,1,0,0,1,0,1,0,0,0,0,0,0,0,0,1,0,0,0,1,0,0,0
L0068,300000,360,6.375,80,35,0,735,9,30,0,0,2,14,52000,0,0,0,10,100000,2900,1,1,0.348,4.0,0.0,0.0,0.0,0.0,0.0,0.0,0.0,0.0,0.0,0.0,0,1,0,0,1,0,1,0,0,1,0,0,0,0,1,0,0,0,0,0,0,0,0,1,0,0,0,1
L0069,250000,360,6.5,86,46,1,615,4,75,0,3,5,4,19000,0,1,1,2,54000,3900,1,0,0.8666666666666667,4.0,1.0,0.0,3.25,13.0,75.0,0.0,0.25,0.0,0.0,0.024509803921568627,0,1,0,0,0,1,1,0,0,1,0,0,1,0,0,0,0,0,0,0,0,1,0,0,0,1,0,0
L0070,365000,360,6.125,71,30,0,760,12,23,0,0,1,18,71000,0,0,0,13,112000,2800,1,1,0.3,4.0,0.0,0.0,0.0,0.0,0.0,0.0,0.0,0.0,0.0,0.0,0,0,1,0,1,0,1,0,1,0,0,0,0,0,0,1,0,0,0,0,0,0,0,1,0,0,0,1
L0071,195000,360,6.875,77,33,0,745,10,27,0,0,1,16,58000,0,0,0,11,95000,2600,1,1,0.32842105263157895,4.0,1.0,0.0,4.0,16.0,135.75,0.0,0.25,0.0,0.0,0.02639510013610733,0,1,0,1,0,0,1,0,0,1,0,0,0,0,1,0,0,0,0,0,0,0,1,0,0,0,0,1
L0072,445000,360,5.875,74,29,0,795,14,17,0,0,0,23,95000,0,0,0,19,175000,4300,1,1,0.2948571428571429,4.0,0.0,0.0,0.0,0.0,0.0,0.0,0.0,0.0,0.0,0.0,0,1,0,0,1,0,1,0,0,1,0,0,0,0,0,1,0,0,0,0,0,0,0,1,0,0,0,1
L0073,155000,180,7.25,67,42,1,640,5,66,0,2,4,6,25000,0,1,1,3,48000,3500,0,0,0.875,4.0,1.0,0.0,2.5,10.0,95.25,0.0,0.25,0.0,0.0,0.02441681620097411,1,0,0,0,0,1,0,1,0,0,1,0,1,0,0,0,0,0,0,0,0,1,0,0,0,1,0,0
L0074,285000,360,6.5,83,38,0,730,9,31,0,0,2,13,50000,0,0,0,9,98000,3100,1,1,0.3795918367346939,4.0,0.0,0.0,0.0,0.0,0.0,0.0,0.0,0.0,0.0,0.0,0,1,0,0,1,0,1,0,0,1,0,0,0,0,1,0,0,0,0,0,0,0,1,0,0,0,1,0
L0075,380000,360,6.0,76,32,0,770,12,22,0,0,1,19,77000,0,0,0,15,145000,3900,1,1,0.32275862068965516,4.0,2.0,0.0,8.75,20.0,115.0,0.0,0.5,0.0,0.0,0.025109170305676855,0,1,0,0,1,0,1,0,0,1,0,0,0,0,0,1,0,0,0,0,0,0,0,1,0,0,0,1
L0076,215000,360,6.75,69,26,0,760,11,24,0,0,1,18,69000,0,0,0,14,110000,2400,1,1,0.26181818181818184,4.0,0.0,0.0,0.0,0.0,0.0,0.0,0.0,0.0,0.0,0.0,0,0,1,0,1,0,1,0,1,0,0,0,0,0,0,1,0,0,0,0,0,0,0,1,0,0,0,1
L0077,325000,360,6.25,90,50,1,605,3,82,1,4,6,3,15000,1,1,1,1,42000,4200,1,0,1.2,4.0,1.0,0.0,1.75,7.0,95.5,0.0,0.25,0.0,0.0,0.023510585918266862,0,1,0,1,0,0,1,0,0,1,0,0,1,0,0,0,0,0,0,0,0,1,0,0,1,0,0,0
L0078,260000,360,6.5,79,34,0,735,9,29,0,0,2,14,53000,0,0,0,10,102000,3000,1,1,0.35294117647058826,4.0,0.0,0.0,0.0,0.0,0.0,0.0,0.0,0.0,0.0,0.0,0,1,0,0,1,0,1,0,0,1,0,0,0,0,1,0,0,0,0,0,0,0,0,1,0,0,0,1
L0079,175000,240,7.0,66,40,0,700,7,39,0,1,2,9,36000,0,1,0,6,72000,3200,1,1,0.5333333333333333,4.0,1.0,0.0,3.0,12.0,125.0,0.0,0.25,0.0,0.0,0.025510204081632654,1,0,0,0,1,0,1,0,0,1,0,0,0,0,1,0,0,0,0,0,0,0,1,0,0,0,1,0
L0080,395000,360,6.125,84,37,0,745,10,28,0,0,1,16,57000,0,0,0,11,105000,3100,1,1,0.35428571428571426,4.0,0.0,0.0,0.0,0.0,0.0,0.0,0.0,0.0,0.0,0.0,0,1,0,0,0,1,1,0,0,1,0,0,0,0,1,0,0,0,0,0,0,0,0,1,0,0,0,1
L0081,230000,360,6.625,73,29,0,755,11,25,0,0,1,17,65000,0,0,0,12,98000,2300,1,1,0.2816326530612245,4.0,1.0,0.0,3.5,14.0,85.75,0.0,0.25,0.0,0.0,0.02447901798458464,0,0,1,1,0,0,1,0,1,0,0,0,0,0,0,1,0,0,0,0,0,0,1,0,0,0,0,1
L0082,350000,360,6.25,75,31,0,750,11,26,0,0,1,17,62000,0,0,0,12,108000,2800,1,1,0.3111111111111111,4.0,0.0,0.0,0.0,0.0,0.0,0.0,0.0,0.0,0.0,0.0,0,1,0,0,1,0,1,0,0,1,0,0,0,0,0,1,0,0,0,0,0,0,0,1,0,0,0,1
L0083,180000,180,7.125,94,55,1,585,3,89,1,5,7,2,11000,1,1,1,1,32000,4300,1,0,1.6125,4.0,1.0,0.0,2.25,9.0,115.25,0.0,0.25,0.0,0.0,0.024726453550740185,1,0,0,0,1,0,1,0,0,1,0,1,0,0,0,0,0,0,0,0,1,0,0,0,1,0,0,0
L0084,310000,360,6.375,81,36,0,740,10,28,0,0,1,15,55000,0,0,0,10,105000,3100,1,1,0.35428571428571426,4.0,0.0,0.0,0.0,0.0,0.0,0.0,0.0,0.0,0.0,0.0,0,1,0,0,1,0,1,0,0,1,0,0,0,0,1,0,0,0,0,0,0,0,0,1,0,0,0,1
L0085,275000,360,6.5,78,33,0,735,9,30,0,0,2,14,52000,0,0,0,9,92000,2500,1,1,0.32608695652173914,4.0,1.0,0.0,2.75,11.0,110.0,0.0,0.25,0.0,0.0,0.02511415525114155,0,1,0,0,0,1,1,0,0,1,0,0,0,0,1,0,0,0,0,0,0,0,1,0,0,0,1,0
L0086,420000,360,5.875,70,27,0,780,13,20,0,0,0,21,86000,0,0,0,16,155000,3500,1,1,0.2709677419354839,4.0,0.0,0.0,0.0,0.0,0.0,0.0,0.0,0.0,0.0,0.0,0,0,1,0,1,0,1,0,0,1,0,0,0,0,0,1,0,0,0,0,0,0,0,1,0,0,0,1
L0087,165000,240,7.25,87,47,1,625,4,73,0,3,5,5,20000,0,1,1,2,45000,3600,0,0,0.96,4.0,3.0,0.0,12.0,24.0,135.5,0.0,0.75,0.0,0.0,0.025750665146332192,1,0,0,1,0,0,0,1,0,0,1,0,1,0,0,0,0,0,0,0,0,1,0,0,0,1,0,0
L0088,340000,360,6.25,82,38,0,745,10,27,0,0,1,16,58000,0,0,0,11,102000,3200,1,1,0.3764705882352941,4.0,0.0,0.0,0.0,0.0,0.0,0.0,0.0,0.0,0.0,0.0,0,1,0,0,1,0,1,0,0,1,0,0,0,0,1,0,0,0,0,0,0,0,0,1,0,0,0,1
L0089,200000,360,6.75,76,32,0,750,11,26,0,0,1,17,63000,0,0,0,12,95000,2500,1,1,0.3157894736842105,4.0,1.0,0.0,2.0,8.0,95.0,0.0,0.25,0.0,0.0,0.02513227513227513,0,1,0,0,1,0,1,0,1,0,0,0,0,0,0,1,0,0,0,0,0,0,1,0,0,0,0,1
L0090,455000,360,5.875,74,29,0,790,14,18,0,0,0,22,93000,0,0,0,18,178000,4400,1,1,0.2966292134831461,4.0,0.0,0.0,0.0,0.0,0.0,0.0,0.0,0.0,0.0,0.0,0,1,0,0,1,0,1,0,0,1,0,0,0,0,0,1,0,0,0,0,0,0,0,1,0,0,0,1
L0091,185000,180,7.0,68,44,1,630,5,68,0,2,4,5,22000,0,1,1,3,55000,3700,1,0,0.8072727272727273,4.0,1.0,0.0,3.25,13.0,120.25,0.0,0.25,0.0,0.0,0.025579663901297595,1,0,0,0,0,1,1,0,0,1,0,0,1,0,0,0,0,0,0,0,0,1,0,0,0,1,0,0
L0092,295000,360,6.5,80,35,0,730,9,31,0,0,2,13,49000,0,0,0,9,95000,2700,1,1,0.3410526315789474,4.0,0.0,0.0,0.0,0.0,0.0,0.0,0.0,0.0,0.0,0.0,0,1,0,0,1,0,1,0,0,1,0,0,0,0,1,0,0,0,0,0,0,0,1,0,0,0,1,0
L0093,370000,360,6.125,89,49,1,610,4,78,0,3,5,4,17000,0,1,1,2,50000,4000,1,0,0.96,4.0,1.0,0.0,2.5,10.0,85.5,0.0,0.25,0.0,0.0,0.025583482944344704,0,1,0,1,0,0,1,0,0,1,0,0,1,0,0,0,0,0,0,0,0,1,0,0,0,1,0,0
L0094,240000,360,6.625,72,28,0,755,11,25,0,0,1,18,67000,0,0,0,13,108000,2500,1,1,0.2777777777777778,4.0,0.0,0.0,0.0,0.0,0.0,0.0,0.0,0.0,0.0,0.0,0,0,1,0,1,0,1,0,1,0,0,0,0,0,0,1,0,0,0,0,0,0,0,1,0,0,0,1
L0095,405000,360,6.0,75,30,0,775,13,21,0,0,0,20,84000,0,0,0,16,148000,3700,1,1,0.3,4.0,1.0,0.0,3.75,15.0,125.0,0.0,0.25,0.0,0.0,0.025100401606425703,0,1,0,0,1,0,1,0,0,1,0,0,0,0,0,1,0,0,0,0,0,0,0,1,0,0,0,1
L0096,170000,240,7.125,65,41,0,695,7,41,0,1,2,8,33000,0,1,0,5,70000,3200,1,1,0.5485714285714286,4.0,0.0,0.0,0.0,0.0,0.0,0.0,0.0,0.0,0.0,0.0,1,0,0,0,1,0,1,0,0,1,0,0,0,1,0,0,0,0,0,0,0,0,1,0,0,0,1,0
L0097,330000,360,6.25,92,52,1,600,3,84,1,4,6,3,14000,1,1,1,1,38000,4100,1,0,1.2947368421052632,4.0,1.0,0.0,3.0,12.0,105.75,0.0,0.25,0.0,0.0,0.02552498189717596,0,1,0,0,0,1,1,0,0,1,0,0,1,0,0,0,0,0,0,0,0,1,0,0,1,0,0,0
L0098,255000,360,6.5,79,34,0,735,9,30,0,0,2,14,51000,0,0,0,10,98000,2800,1,1,0.34285714285714286,4.0,0.0,0.0,0.0,0.0,0.0,0.0,0.0,0.0,0.0,0.0,0,1,0,0,1,0,1,0,0,1,0,0,0,0,1,0,0,0,0,0,0,0,1,0,0,0,0,1
L0099,385000,360,6.125,71,31,0,765,12,23,0,0,1,19,73000,0,0,0,14,118000,2700,1,1,0.2745762711864407,4.0,2.0,0.0,9.25,21.0,120.25,0.0,0.5,0.0,0.0,0.025363847289601348,0,0,1,0,1,0,1,0,1,0,0,0,0,0,0,1,0,0,0,0,0,0,0,1,0,0,0,1
L0100,210000,360,6.75,85,45,1,615,4,76,0,3,5,4,18000,0,1,1,2,48000,3700,1,0,0.925,4.0,0.0,0.0,0.0,0.0,0.0,0.0,0.0,0.0,0.0,0.0,0,1,0,1,0,0,1,0,0,1,0,0,1,0,0,0,0,0,0,0,0,1,0,0,0,1,0,0
L0101,300000,360,6.375,77,33,0,745,10,28,0,0,1,16,57000,0,0,0,11,105000,2900,1,1,0.3314285714285714,4.0,1.0,0.0,2.25,9.0,100.0,0.0,0.25,0.0,0.0,0.02512562814070352,0,1,0,0,1,0,1,0,0,1,0,0,0,0,1,0,0,0,0,0,0,0,0,1,0,0,0,1
L0102,435000,360,5.875,74,28,0,785,13,19,0,0,0,21,89000,0,0,0,17,165000,4100,1,1,0.29818181818181816,4.0,0.0,0.0,0.0,0.0,0.0,0.0,0.0,0.0,0.0,0.0,0,1,0,0,1,0,1,0,0,1,0,0,0,0,0,1,0,0,0,0,0,0,0,1,0,0,0,1
L0103,175000,180,7.0,67,42,1,640,5,66,0,2,4,6,24000,0,1,1,3,52000,3500,0,0,0.8076923076923077,4.0,1.0,0.0,2.75,11.0,115.5,0.0,0.25,0.0,0.0,0.025429326287978865,1,0,0,0,0,1,0,1,0,0,1,0,1,0,0,0,0,0,0,0,0,1,0,0,0,1,0,0
L0104,280000,360,6.5,83,38,0,730,9,31,0,0,2,13,50000,0,0,0,9,96000,3000,1,1,0.375,4.0,0.0,0.0,0.0,0.0,0.0,0.0,0.0,0.0,0.0,0.0,0,1,0,0,1,0,1,0,0,1,0,0,0,0,1,0,0,0,0,0,0,0,1,0,0,0,1,0
L0105,355000,360,6.25,70,27,0,760,12,24,0,0,1,18,70000,0,0,0,13,112000,2800,1,1,0.3,4.0,1.0,0.0,3.5,14.0,85.0,0.0,0.25,0.0,0.0,0.024853801169590642,0,0,1,0,1,0,1,0,1,0,0,0,0,0,0,1,0,0,0,0,0,0,0,1,0,0,0,1
L0106,195000,360,6.875,91,51,1,595,3,85,1,5,6,2,13000,1,1,1,1,40000,4200,1,0,1.26,4.0,0.0,0.0,0.0,0.0,0.0,0.0,0.0,0.0,0.0,0.0,0,1,0,1,0,0,1,0,0,1,0,1,0,0,0,0,0,0,0,0,0,1,0,0,1,0,0,0
L0107,315000,360,6.375,80,35,0,740,10,28,0,0,1,15,56000,0,0,0,10,102000,2900,1,1,0.3411764705882353,4.0,1.0,0.0,2.0,8.0,120.25,0.0,0.25,0.0,0.0,0.02494295789255341,0,1,0,0,1,0,1,0,0,1,0,0,0,0,1,0,0,0,0,0,0,0,0,1,0,0,0,1
L0108,260000,360,6.5,76,32,0,750,11,26,0,0,1,17,62000,0,0,0,11,95000,2500,1,1,0.3157894736842105,4.0,0.0,0.0,0.0,0.0,0.0,0.0,0.0,0.0,0.0,0.0,0,1,0,0,0,1,1,0,0,1,0,0,0,0,0,1,0,0,0,0,0,0,1,0,0,0,0,1
L0109,400000,360,6.0,73,29,0,770,12,22,0,0,1,19,76000,0,0,0,14,118000,2900,1,1,0.29491525423728815,4.0,1.0,0.0,3.25,13.0,105.5,0.0,0.25,0.0,0.0,0.024753636790239324,0,0,1,0,1,0,1,0,1,0,0,0,0,0,0,1,0,0,0,0,0,0,0,1,0,0,0,1
L0110,180000,240,7.125,88,48,1,605,3,82,1,4,6,3,15000,1,1,1,1,42000,4100,1,0,1.1714285714285715,4.0,0.0,0.0,0.0,0.0,0.0,0.0,0.0,0.0,0.0,0.0,1,0,0,0,1,0,1,0,0,1,0,0,1,0,0,0,0,0,0,0,0,1,0,0,1,0,0,0
L0111,345000,360,6.25,81,36,0,745,10,27,0,0,1,16,58000,0,0,0,10,105000,3100,1,1,0.35428571428571426,4.0,3.0,0.0,11.25,23.0,125.0,0.0,0.75,0.0,0.0,0.0249003984063745,0,1,0,0,1,0,1,0,0,1,0,0,0,0,1,0,0,0,0,0,0,0,0,1,0,0,0,1
L0112,225000,360,6.625,78,33,0,735,9,30,0,0,2,14,52000,0,0,0,9,88000,2400,1,1,0.32727272727272727,4.0,0.0,0.0,0.0,0.0,0.0,0.0,0.0,0.0,0.0,0.0,0,1,0,1,0,0,1,0,0,1,0,0,0,0,1,0,0,0,0,0,0,0,1,0,0,0,1,0
L0113,465000,360,5.875,74,29,0,795,14,17,0,0,0,23,96000,0,0,0,19,182000,4500,1,1,0.2967032967032967,4.0,1.0,0.0,2.5,10.0,90.5,0.0,0.25,0.0,0.0,0.024713271436373568,0,1,0,0,1,0,1,0,0,1,0,0,0,0,0,1,0,0,0,0,0,0,0,1,0,0,0,1
L0114,160000,180,7.25,66,43,1,625,4,72,0,3,5,5,21000,0,1,1,2,48000,3600,0,0,0.9,4.0,0.0,0.0,0.0,0.0,0.0,0.0,0.0,0.0,0.0,0.0,1,0,0,0,0,1,0,1,0,0,1,0,1,0,0,0,0,0,0,0,0,1,0,0,0,1,0,0
L0115,305000,360,6.375,84,38,0,740,10,28,0,0,1,15,55000,0,0,0,10,105000,3200,1,1,0.3657142857142857,4.0,1.0,0.0,3.75,15.0,115.75,0.0,0.25,0.0,0.0,0.025037854207224746,0,1,0,0,1,0,1,0,0,1,0,0,0,0,1,0,0,0,0,0,0,0,0,1,0,0,0,1
L0116,270000,360,6.5,71,28,0,755,11,25,0,0,1,18,66000,0,0,0,12,102000,2400,1,1,0.2823529411764706,4.0,0.0,0.0,0.0,0.0,0.0,0.0,0.0,0.0,0.0,0.0,0,0,1,0,1,0,1,0,1,0,0,0,0,0,0,1,0,0,0,0,0,0,0,1,0,0,0,1
L0117,420000,360,6.0,75,31,0,780,13,21,0,0,0,20,85000,0,0,0,16,152000,3700,1,1,0.29210526315789476,4.0,1.0,0.0,3.0,12.0,80.25,0.0,0.25,0.0,0.0,0.02491462278795405,0,1,0,0,1,0,1,0,0,1,0,0,0,0,0,1,0,0,0,0,0,0,0,1,0,0,0,1
L0118,190000,360,6.875,93,53,1,590,3,87,1,5,7,2,12000,1,1,1,1,36000,4300,1,0,1.4333333333333333,4.0,0.0,0.0,0.0,0.0,0.0,0.0,0.0,0.0,0.0,0.0,0,1,0,1,0,0,1,0,0,1,0,1,0,0,0,0,0,0,0,0,0,1,0,0,1,0,0,0
L0119,335000,360,6.25,80,35,0,745,10,27,0,0,1,16,57000,0,0,0,11,102000,2900,1,1,0.3411764705882353,4.0,1.0,0.0,2.25,9.0,127.5,0.0,0.25,0.0,0.0,0.024990199921599374,0,1,0,0,0,1,1,0,0,1,0,0,0,0,1,0,0,0,0,0,0,0,0,1,0,0,0,1
L0120,245000,360,6.5,77,32,0,735,9,30,0,0,2,14,51000,0,0,0,9,92000,2500,1,1,0.32608695652173914,4.0,0.0,0.0,0.0,0.0,0.0,0.0,0.0,0.0,0.0,0.0,0,1,0,0,1,0,1,0,0,1,0,0,0,0,1,0,0,0,0,0,0,0,1,0,0,0,1,0
L0121,380000,360,6.125,70,27,0,765,12,23,0,0,1,19,74000,0,0,0,13,115000,2900,1,1,0.3026086956521739,4.0,1.0,0.0,2.75,11.0,110.0,0.0,0.25,0.0,0.0,0.024886877828054297,0,0,1,0,1,0,1,0,1,0,0,0,0,0,0,1,0,0,0,0,0,0,0,1,0,0,0,1
L0122,175000,240,7.0,87,47,1,620,4,74,0,3,5,4,18000,0,1,1,2,52000,3800,1,0,0.8769230769230769,4.0,0.0,0.0,0.0,0.0,0.0,0.0,0.0,0.0,0.0,0.0,1,0,0,0,1,0,1,0,0,1,0,0,1,0,0,0,0,0,0,0,0,1,0,0,0,1,0,0
L0123,310000,360,6.375,82,37,0,740,10,28,0,0,1,15,56000,0,0,0,10,102000,3100,1,1,0.36470588235294116,4.0,2.0,0.0,9.5,22.0,130.75,0.0,0.5,0.0,0.0,0.024655855176315293,0,1,0,1,0,0,1,0,0,1,0,0,0,0,1,0,0,0,0,0,0,0,0,1,0,0,0,1
L0124,440000,360,5.875,74,29,0,785,13,19,0,0,0,21,88000,0,0,0,17,168000,4200,1,1,0.3,4.0,0.0,0.0,0.0,0.0,0.0,0.0,0.0,0.0,0.0,0.0,0,1,0,0,1,0,1,0,0,1,0,0,0,0,0,1,0,0,0,0,0,0,0,1,0,0,0,1
L0125,205000,360,6.75,90,50,1,600,3,83,1,4,6,3,14000,1,1,1,1,38000,4100,1,0,1.2947368421052632,4.0,1.0,0.0,2.0,8.0,95.0,0.0,0.25,0.0,0.0,0.02461139896373057,0,1,0,0,0,1,1,0,0,1,0,0,1,0,0,0,0,0,0,0,0,1,0,0,1,0,0,0
L0126,285000,360,6.5,72,28,0,755,11,25,0,0,1,17,65000,0,0,0,12,98000,2300,1,1,0.2816326530612245,0.0,0.0,0.0,0.0,0.0,0.0,0.0,0.0,0.0,0.0,0.0,0,0,1,0,1,0,1,0,1,0,0,0,0,0,0,1,0,0,0,0,0,0,1,0,0,0,0,1
L0127,360000,360,6.125,76,32,0,770,12,22,0,0,1,19,77000,0,0,0,15,142000,3800,1,1,0.3211267605633803,0.0,0.0,0.0,0.0,0.0,0.0,0.0,0.0,0.0,0.0,0.0,0,1,0,0,1,0,1,0,0,1,0,0,0,0,0,1,0,0,0,0,0,0,0,1,0,0,0,1
L0128,170000,180,7.125,68,44,1,635,5,67,0,2,4,5,23000,0,1,1,3,50000,3500,0,0,0.84,0.0,0.0,0.0,0.0,0.0,0.0,0.0,0.0,0.0,0.0,0.0,1,0,0,1,0,0,0,1,0,0,1,0,1,0,0,0,0,0,0,0,0,1,0,0,0,1,0,0
L0129,325000,360,6.25,83,38,0,745,10,27,0,0,1,16,58000,0,0,0,10,105000,3300,1,1,0.37714285714285717,0.0,0.0,0.0,0.0,0.0,0.0,0.0,0.0,0.0,0.0,0.0,0,1,0,0,1,0,1,0,0,1,0,0,0,0,1,0,0,0,0,0,0,0,0,1,0,0,0,1
L0130,250000,360,6.5,79,34,0,730,9,31,0,0,2,13,49000,0,0,0,9,92000,2600,1,1,0.3391304347826087,0.0,0.0,0.0,0.0,0.0,0.0,0.0,0.0,0.0,0.0,0.0,0,1,0,0,0,1,1,0,0,1,0,0,0,0,1,0,0,0,0,0,0,0,1,0,0,0,1,0
L0131,410000,360,6.0,71,30,0,760,12,24,0,0,1,18,71000,0,0,0,14,118000,3000,1,1,0.3050847457627119,0.0,0.0,0.0,0.0,0.0,0.0,0.0,0.0,0.0,0.0,0.0,0,0,1,0,1,0,1,0,1,0,0,0,0,0,0,1,0,0,0,0,0,0,0,1,0,0,0,1
L0132,195000,360,6.875,92,52,1,595,3,86,1,5,6,2,13000,1,1,1,1,35000,4200,1,0,1.44,0.0,0.0,0.0,0.0,0.0,0.0,0.0,0.0,0.0,0.0,0.0,0,1,0,0,1,0,1,0,0,1,0,1,0,0,0,0,0,0,0,0,0,1,0,0,1,0,0,0
L0133,340000,360,6.25,80,35,0,740,10,28,0,0,1,15,55000,0,0,0,10,102000,2900,1,1,0.3411764705882353,0.0,0.0,0.0,0.0,0.0,0.0,0.0,0.0,0.0,0.0,0.0,0,1,0,1,0,0,1,0,0,1,0,0,0,0,1,0,0,0,0,0,0,0,0,1,0,0,0,1
L0134,275000,360,6.5,77,33,0,750,11,26,0,0,1,17,63000,0,0,0,9,88000,2400,1,1,0.32727272727272727,0.0,0.0,0.0,0.0,0.0,0.0,0.0,0.0,0.0,0.0,0.0,0,1,0,0,1,0,1,0,0,1,0,0,0,0,0,1,0,0,0,0,0,0,1,0,0,0,1,0
L0135,395000,360,6.0,70,27,0,765,12,23,0,0,1,19,73000,0,0,0,13,112000,2500,1,1,0.26785714285714285,0.0,0.0,0.0,0.0,0.0,0.0,0.0,0.0,0.0,0.0,0.0,0,0,1,0,1,0,1,0,1,0,0,0,0,0,0,1,0,0,0,0,0,0,0,1,0,0,0,1
L0136,165000,240,7.25,86,46,1,615,4,75,0,3,5,4,19000,0,1,1,2,48000,3700,1,0,0.925,0.0,0.0,0.0,0.0,0.0,0.0,0.0,0.0,0.0,0.0,0.0,1,0,0,0,0,1,1,0,0,1,0,0,1,0,0,0,0,0,0,0,0,1,0,0,0,1,0,0
L0137,315000,360,6.375,81,36,0,745,10,27,0,0,1,16,57000,0,0,0,10,105000,3100,1,1,0.35428571428571426,0.0,0.0,0.0,0.0,0.0,0.0,0.0,0.0,0.0,0.0,0.0,0,1,0,0,1,0,1,0,0,1,0,0,0,0,1,0,0,0,0,0,0,0,0,1,0,0,0,1
L0138,235000,360,6.625,78,32,0,735,9,30,0,0,2,14,52000,0,0,0,9,90000,2400,1,1,0.32,0.0,0.0,0.0,0.0,0.0,0.0,0.0,0.0,0.0,0.0,0.0,0,1,0,1,0,0,1,0,0,1,0,0,0,0,1,0,0,0,0,0,0,0,1,0,0,0,1,0
L0139,450000,360,5.875,74,29,0,790,14,18,0,0,0,22,92000,0,0,0,18,175000,4300,1,1,0.2948571428571429,0.0,0.0,0.0,0.0,0.0,0.0,0.0,0.0,0.0,0.0,0.0,0,1,0,0,1,0,1,0,0,1,0,0,0,0,0,1,0,0,0,0,0,0,0,1,0,0,0,1
L0140,185000,180,7.0,89,49,1,610,4,77,0,3,5,4,17000,0,1,1,2,46000,3900,1,0,1.017391304347826,0.0,0.0,0.0,0.0,0.0,0.0,0.0,0.0,0.0,0.0,0.0,1,0,0,0,1,0,1,0,0,1,0,0,1,0,0,0,0,0,0,0,0,1,0,0,0,1,0,0
L0141,300000,360,6.5,80,35,0,735,9,30,0,0,2,13,50000,0,0,0,10,98000,2800,1,1,0.34285714285714286,0.0,0.0,0.0,0.0,0.0,0.0,0.0,0.0,0.0,0.0,0.0,0,1,0,0,0,1,1,0,0,1,0,0,0,0,1,0,0,0,0,0,0,0,1,0,0,0,0,1
L0142,260000,360,6.5,72,28,0,755,11,25,0,0,1,18,66000,0,0,0,12,98000,2300,1,1,0.2816326530612245,0.0,0.0,0.0,0.0,0.0,0.0,0.0,0.0,0.0,0.0,0.0,0,0,1,0,1,0,1,0,1,0,0,0,0,0,0,1,0,0,0,0,0,0,1,0,0,0,0,1
L0143,375000,360,6.125,76,32,0,775,13,21,0,0,0,20,84000,0,0,0,15,145000,3900,1,1,0.32275862068965516,0.0,0.0,0.0,0.0,0.0,0.0,0.0,0.0,0.0,0.0,0.0,0,1,0,0,1,0,1,0,0,1,0,0,0,0,0,1,0,0,0,0,0,0,0,1,0,0,0,1
L0144,200000,360,6.75,94,54,1,590,3,88,1,5,7,2,12000,1,1,1,1,34000,4200,1,0,1.4823529411764707,0.0,0.0,0.0,0.0,0.0,0.0,0.0,0.0,0.0,0.0,0.0,0,1,0,1,0,0,1,0,0,1,0,1,0,0,0,0,0,0,0,0,1,0,0,0,1,0,0,0
L0145,330000,360,6.25,83,38,0,740,10,28,0,0,1,15,56000,0,0,0,10,105000,3300,1,1,0.37714285714285717,0.0,0.0,0.0,0.0,0.0,0.0,0.0,0.0,0.0,0.0,0.0,0,1,0,0,1,0,1,0,0,1,0,0,0,0,1,0,0,0,0,0,0,0,0,1,0,0,0,1
L0146,180000,240,7.0,67,41,0,700,7,38,0,1,2,9,35000,0,1,0,5,72000,3200,1,1,0.5333333333333333,0.0,0.0,0.0,0.0,0.0,0.0,0.0,0.0,0.0,0.0,0.0,1,0,0,0,0,1,1,0,0,1,0,0,0,0,1,0,0,0,0,0,0,0,1,0,0,0,1,0
L0147,425000,360,5.875,71,30,0,780,13,20,0,0,0,21,87000,0,0,0,14,122000,3100,1,1,0.30491803278688523,0.0,0.0,0.0,0.0,0.0,0.0,0.0,0.0,0.0,0.0,0.0,0,0,1,0,1,0,1,0,1,0,0,0,0,0,0,1,0,0,0,0,0,0,0,1,0,0,0,1
L0148,215000,360,6.625,91,51,1,600,3,84,1,4,6,3,14000,1,1,1,1,40000,4300,1,0,1.29,0.0,0.0,0.0,0.0,0.0,0.0,0.0,0.0,0.0,0.0,0.0,0,1,0,0,1,0,1,0,0,1,0,0,1,0,0,0,0,0,0,0,0,1,0,0,1,0,0,0
L0149,295000,360,6.5,79,34,0,730,9,31,0,0,2,13,49000,0,0,0,9,95000,2700,1,1,0.3410526315789474,0.0,0.0,0.0,0.0,0.0,0.0,0.0,0.0,0.0,0.0,0.0,0,1,0,1,0,0,1,0,0,1,0,0,0,0,1,0,0,0,0,0,0,0,1,0,0,0,1,0
L0150,355000,360,6.25,77,33,0,745,10,27,0,0,1,16,57000,0,0,0,11,102000,2800,1,1,0.32941176470588235,0.0,0.0,0.0,0.0,0.0,0.0,0.0,0.0,0.0,0.0,0.0,0,1,0,0,1,0,1,0,0,1,0,0,0,0,1,0,0,0,0,0,0,0,0,1,0,0,0,1
L0151,240000,360,6.5,70,27,0,760,12,24,0,0,1,18,70000,0,0,0,13,110000,2500,1,1,0.2727272727272727,0.0,0.0,0.0,0.0,0.0,0.0,0.0,0.0,0.0,0.0,0.0,0,0,1,0,0,1,1,0,1,0,0,0,0,0,0,1,0,0,0,0,0,0,0,1,0,0,0,1
L0152,175000,180,7.125,88,48,1,625,4,72,0,3,5,5,20000,0,1,1,2,52000,3700,0,0,0.8538461538461538,0.0,0.0,0.0,0.0,0.0,0.0,0.0,0.0,0.0,0.0,0.0,1,0,0,0,1,0,0,1,0,0,1,0,1,0,0,0,0,0,0,0,0,1,0,0,0,1,0,0
L0153,400000,360,6.0,75,31,0,775,13,21,0,0,0,20,83000,0,0,0,15,148000,3800,1,1,0.3081081081081081,0.0,0.0,0.0,0.0,0.0,0.0,0.0,0.0,0.0,0.0,0.0,0,1,0,0,1,0,1,0,0,1,0,0,0,0,0,1,0,0,0,0,0,0,0,1,0,0,0,1
L0154,265000,360,6.5,82,37,0,735,9,30,0,0,2,14,52000,0,0,0,10,98000,3000,1,1,0.3673469387755102,0.0,0.0,0.0,0.0,0.0,0.0,0.0,0.0,0.0,0.0,0.0,0,1,0,1,0,0,1,0,0,1,0,0,0,0,1,0,0,0,0,0,0,0,1,0,0,0,0,1
L0155,320000,360,6.375,72,29,0,755,11,25,0,0,1,17,65000,0,0,0,12,105000,2500,1,1,0.2857142857142857,0.0,0.0,0.0,0.0,0.0,0.0,0.0,0.0,0.0,0.0,0.0,0,0,1,0,1,0,1,0,1,0,0,0,0,0,0,1,0,0,0,0,0,0,0,1,0,0,0,1
L0156,190000,240,7.0,65,40,0,690,6,44,0,1,3,8,31000,0,1,1,5,70000,3100,1,1,0.5314285714285715,0.0,0.0,0.0,0.0,0.0,0.0,0.0,0.0,0.0,0.0,0.0,1,0,0,0,0,1,1,0,0,1,0,0,0,1,0,0,0,0,0,0,0,0,1,0,0,0,1,0
L0157,445000,360,5.875,74,28,0,790,14,18,0,0,0,22,93000,0,0,0,18,178000,4200,1,1,0.28314606741573034,0.0,0.0,0.0,0.0,0.0,0.0,0.0,0.0,0.0,0.0,0.0,0,1,0,0,1,0,1,0,0,1,0,0,0,0,0,1,0,0,0,0,0,0,0,1,0,0,0,1
L0158,210000,360,6.75,93,53,1,595,3,86,1,5,6,2,13000,1,1,1,1,36000,4100,1,0,1.3666666666666667,0.0,0.0,0.0,0.0,0.0,0.0,0.0,0.0,0.0,0.0,0.0,0,1,0,0,1,0,1,0,0,1,0,1,0,0,0,0,0,0,0,0,0,1,0,0,1,0,0,0
L0159,285000,360,6.5,80,35,0,730,9,31,0,0,2,13,49000,0,0,0,9,95000,2800,1,1,0.35368421052631577,0.0,0.0,0.0,0.0,0.0,0.0,0.0,0.0,0.0,0.0,0.0,0,1,0,1,0,0,1,0,0,1,0,0,0,0,1,0,0,0,0,0,0,0,1,0,0,0,1,0
L0160,370000,360,6.125,71,30,0,765,12,23,0,0,1,19,74000,0,0,0,13,115000,2900,1,1,0.3026086956521739,0.0,0.0,0.0,0.0,0.0,0.0,0.0,0.0,0.0,0.0,0.0,0,0,1,0,1,0,1,0,1,0,0,0,0,0,0,1,0,0,0,0,0,0,0,1,0,0,0,1
L0161,155000,180,7.25,68,43,1,640,5,66,0,2,4,6,24000,0,1,1,3,55000,3600,1,0,0.7854545454545454,0.0,0.0,0.0,0.0,0.0,0.0,0.0,0.0,0.0,0.0,0.0,1,0,0,0,1,0,1,0,0,1,0,0,1,0,0,0,0,0,0,0,0,1,0,0,0,1,0,0
L0162,335000,360,6.25,84,38,0,745,10,27,0,0,1,16,58000,0,0,0,10,105000,3300,1,1,0.37714285714285717,0.0,0.0,0.0,0.0,0.0,0.0,0.0,0.0,0.0,0.0,0.0,0,1,0,0,0,1,1,0,0,1,0,0,0,0,1,0,0,0,0,0,0,0,0,1,0,0,0,1
L0163,250000,360,6.5,77,32,0,735,9,30,0,0,2,14,51000,0,0,0,9,92000,2500,1,1,0.32608695652173914,0.0,0.0,0.0,0.0,0.0,0.0,0.0,0.0,0.0,0.0,0.0,0,1,0,0,1,0,1,0,0,1,0,0,0,0,1,0,0,0,0,0,0,0,1,0,0,0,1,0
L0164,415000,360,6.0,70,27,0,780,13,20,0,0,0,21,86000,0,0,0,16,155000,3600,1,1,0.2787096774193548,0.0,0.0,0.0,0.0,0.0,0.0,0.0,0.0,0.0,0.0,0.0,0,0,1,0,1,0,1,0,0,1,0,0,0,0,0,1,0,0,0,0,0,0,0,1,0,0,0,1
L0165,195000,360,6.875,90,50,1,605,3,82,1,4,6,3,15000,1,1,1,1,42000,4300,1,0,1.2285714285714286,0.0,0.0,0.0,0.0,0.0,0.0,0.0,0.0,0.0,0.0,0.0,0,1,0,1,0,0,1,0,0,1,0,0,1,0,0,0,0,0,0,0,0,1,0,0,1,0,0,0
L0166,310000,360,6.375,81,36,0,740,10,28,0,0,1,15,55000,0,0,0,10,102000,3000,1,1,0.35294117647058826,0.0,0.0,0.0,0.0,0.0,0.0,0.0,0.0,0.0,0.0,0.0,0,1,0,0,1,0,1,0,0,1,0,0,0,0,1,0,0,0,0,0,0,0,0,1,0,0,0,1
L0167,275000,360,6.5,78,33,0,750,11,26,0,0,1,17,62000,0,0,0,9,88000,2400,1,1,0.32727272727272727,0.0,0.0,0.0,0.0,0.0,0.0,0.0,0.0,0.0,0.0,0.0,0,1,0,0,0,1,1,0,0,1,0,0,0,0,0,1,0,0,0,0,0,0,1,0,0,0,1,0
L0168,390000,360,6.0,73,29,0,770,12,22,0,0,1,19,76000,0,0,0,14,120000,3000,1,1,0.3,0.0,0.0,0.0,0.0,0.0,0.0,0.0,0.0,0.0,0.0,0.0,0,0,1,0,1,0,1,0,1,0,0,0,0,0,0,1,0,0,0,0,0,0,0,1,0,0,0,1
L0169,170000,240,7.125,87,47,1,615,4,76,0,3,5,4,18000,0,1,1,2,48000,3800,0,0,0.95,0.0,0.0,0.0,0.0,0.0,0.0,0.0,0.0,0.0,0.0,0.0,1,0,0,0,1,0,0,1,0,0,1,0,1,0,0,0,0,0,0,0,0,1,0,0,0,1,0,0
L0170,345000,360,6.25,82,37,0,745,10,27,0,0,1,16,57000,0,0,0,10,105000,3200,1,1,0.3657142857142857,0.0,0.0,0.0,0.0,0.0,0.0,0.0,0.0,0.0,0.0,0.0,0,1,0,0,1,0,1,0,0,1,0,0,0,0,1,0,0,0,0,0,0,0,0,1,0,0,0,1
L0171,230000,360,6.625,79,34,0,735,9,30,0,0,2,14,52000,0,0,0,9,90000,2500,1,1,0.3333333333333333,0.0,0.0,0.0,0.0,0.0,0.0,0.0,0.0,0.0,0.0,0.0,0,1,0,1,0,0,1,0,0,1,0,0,0,0,1,0,0,0,0,0,0,0,1,0,0,0,1,0
L0172,460000,360,5.875,74,29,0,795,14,17,0,0,0,23,95000,0,0,0,19,185000,4600,1,1,0.2983783783783784,0.0,0.0,0.0,0.0,0.0,0.0,0.0,0.0,0.0,0.0,0.0,0,1,0,0,1,0,1,0,0,1,0,0,0,0,0,1,0,0,0,0,0,0,0,1,0,0,0,1
L0173,185000,180,7.0,66,42,1,630,5,68,0,2,4,5,22000,0,1,1,3,52000,3600,1,0,0.8307692307692308,0.0,0.0,0.0,0.0,0.0,0.0,0.0,0.0,0.0,0.0,0.0,1,0,0,0,0,1,1,0,0,1,0,0,1,0,0,0,0,0,0,0,0,1,0,0,0,1,0,0
L0174,305000,360,6.5,83,38,0,740,10,28,0,0,1,15,56000,0,0,0,10,105000,3300,1,1,0.37714285714285717,0.0,0.0,0.0,0.0,0.0,0.0,0.0,0.0,0.0,0.0,0.0,0,1,0,0,1,0,1,0,0,1,0,0,0,0,1,0,0,0,0,0,0,0,0,1,0,0,0,1
L0175,260000,360,6.5,71,28,0,755,11,25,0,0,1,18,66000,0,0,0,12,102000,2400,1,1,0.2823529411764706,0.0,0.0,0.0,0.0,0.0,0.0,0.0,0.0,0.0,0.0,0.0,0,0,1,0,1,0,1,0,1,0,0,0,0,0,0,1,0,0,0,0,0,0,0,1,0,0,0,1
L0176,385000,360,6.125,76,32,0,775,13,21,0,0,0,20,84000,0,0,0,15,148000,4000,1,1,0.32432432432432434,0.0,0.0,0.0,0.0,0.0,0.0,0.0,0.0,0.0,0.0,0.0,0,1,0,0,1,0,1,0,0,1,0,0,0,0,0,1,0,0,0,0,0,0,0,1,0,0,0,1
L0177,200000,360,6.75,92,52,1,590,3,87,1,5,7,2,12000,1,1,1,1,38000,4200,1,0,1.3263157894736841,0.0,0.0,0.0,0.0,0.0,0.0,0.0,0.0,0.0,0.0,0.0,0,1,0,1,0,0,1,0,0,1,0,1,0,0,0,0,0,0,0,0,0,1,0,0,1,0,0,0
L0178,330000,360,6.25,80,35,0,745,10,27,0,0,1,16,58000,0,0,0,10,102000,2900,1,1,0.3411764705882353,0.0,0.0,0.0,0.0,0.0,0.0,0.0,0.0,0.0,0.0,0.0,0,1,0,0,0,1,1,0,0,1,0,0,0,0,1,0,0,0,0,0,0,0,0,1,0,0,0,1
L0179,245000,360,6.5,77,33,0,730,9,31,0,0,2,13,49000,0,0,0,9,92000,2500,1,1,0.32608695652173914,0.0,0.0,0.0,0.0,0.0,0.0,0.0,0.0,0.0,0.0,0.0,0,1,0,0,1,0,1,0,0,1,0,0,0,0,1,0,0,0,0,0,0,0,1,0,0,0,1,0
L0180,420000,360,6.0,70,27,0,780,13,20,0,0,0,21,87000,0,0,0,16,158000,3600,1,1,0.27341772151898736,0.0,0.0,0.0,0.0,0.0,0.0,0.0,0.0,0.0,0.0,0.0,0,0,1,0,1,0,1,0,1,0,0,0,0,0,0,1,0,0,0,0,0,0,0,1,0,0,0,1
L0181,175000,240,7.125,89,49,1,620,4,74,0,3,5,4,18000,0,1,1,2,50000,3900,1,0,0.936,0.0,0.0,0.0,0.0,0.0,0.0,0.0,0.0,0.0,0.0,0.0,1,0,0,0,1,0,1,0,0,1,0,0,1,0,0,0,0,0,0,0,0,1,0,0,0,1,0,0
L0182,295000,360,6.375,81,36,0,740,10,28,0,0,1,15,55000,0,0,0,10,102000,3000,1,1,0.35294117647058826,0.0,0.0,0.0,0.0,0.0,0.0,0.0,0.0,0.0,0.0,0.0,0,1,0,1,0,0,1,0,0,1,0,0,0,0,1,0,0,0,0,0,0,0,0,1,0,0,0,1
L0183,360000,360,6.25,78,34,0,750,11,26,0,0,1,17,63000,0,0,0,9,95000,2700,1,1,0.3410526315789474,0.0,0.0,0.0,0.0,0.0,0.0,0.0,0.0,0.0,0.0,0.0,0,1,0,0,1,0,1,0,0,1,0,0,0,0,0,1,0,0,0,0,0,0,1,0,0,0,1,0
L0184,215000,360,6.625,72,29,0,755,11,25,0,0,1,18,65000,0,0,0,12,98000,2400,1,1,0.2938775510204082,0.0,0.0,0.0,0.0,0.0,0.0,0.0,0.0,0.0,0.0,0.0,0,0,1,0,0,1,1,0,1,0,0,0,0,0,0,1,0,0,0,0,0,0,1,0,0,0,0,1
L0185,440000,360,5.875,74,28,0,790,14,18,0,0,0,22,92000,0,0,0,18,175000,4300,1,1,0.2948571428571429,0.0,0.0,0.0,0.0,0.0,0.0,0.0,0.0,0.0,0.0,0.0,0,1,0,0,1,0,1,0,0,1,0,0,0,0,0,1,0,0,0,0,0,0,0,1,0,0,0,1
L0186,190000,180,7.0,86,46,1,625,4,71,0,3,5,5,21000,0,1,1,2,48000,3700,0,0,0.925,0.0,0.0,0.0,0.0,0.0,0.0,0.0,0.0,0.0,0.0,0.0,1,0,0,0,1,0,0,1,0,0,1,0,1,0,0,0,0,0,0,0,0,1,0,0,0,1,0,0
L0187,325000,360,6.25,83,38,0,745,10,27,0,0,1,16,57000,0,0,0,10,105000,3300,1,1,0.37714285714285717,0.0,0.0,0.0,0.0,0.0,0.0,0.0,0.0,0.0,0.0,0.0,0,1,0,0,1,0,1,0,0,1,0,0,0,0,1,0,0,0,0,0,0,0,0,1,0,0,0,1
L0188,270000,360,6.5,79,34,0,735,9,30,0,0,2,14,52000,0,0,0,9,92000,2600,1,1,0.3391304347826087,0.0,0.0,0.0,0.0,0.0,0.0,0.0,0.0,0.0,0.0,0.0,0,1,0,1,0,0,1,0,0,1,0,0,0,0,1,0,0,0,0,0,0,0,1,0,0,0,1,0
L0189,400000,360,6.0,71,30,0,765,12,23,0,0,1,19,73000,0,0,0,14,122000,3100,1,1,0.30491803278688523,0.0,0.0,0.0,0.0,0.0,0.0,0.0,0.0,0.0,0.0,0.0,0,0,1,0,1,0,1,0,1,0,0,0,0,0,0,1,0,0,0,0,0,0,0,1,0,0,0,1
L0190,165000,240,7.25,94,54,1,595,3,85,1,5,6,2,13000,1,1,1,1,34000,4200,1,0,1.4823529411764707,0.0,0.0,0.0,0.0,0.0,0.0,0.0,0.0,0.0,0.0,0.0,1,0,0,0,0,1,1,0,0,1,0,1,0,0,0,0,0,0,0,0,1,0,0,0,1,0,0,0
L0191,350000,360,6.25,80,35,0,740,10,28,0,0,1,15,56000,0,0,0,10,102000,2900,1,1,0.3411764705882353,0.0,0.0,0.0,0.0,0.0,0.0,0.0,0.0,0.0,0.0,0.0,0,1,0,0,1,0,1,0,0,1,0,0,0,0,1,0,0,0,0,0,0,0,0,1,0,0,0,1
L0192,235000,360,6.5,77,32,0,750,11,26,0,0,1,17,62000,0,0,0,9,90000,2400,1,1,0.32,0.0,0.0,0.0,0.0,0.0,0.0,0.0,0.0,0.0,0.0,0.0,0,1,0,0,1,0,1,0,0,1,0,0,0,0,0,1,0,0,0,0,0,0,1,0,0,0,1,0
L0193,380000,360,6.125,88,48,1,610,4,77,0,3,5,4,17000,0,1,1,2,48000,4000,1,0,1.0,0.0,0.0,0.0,0.0,0.0,0.0,0.0,0.0,0.0,0.0,0.0,0,1,0,1,0,0,1,0,0,1,0,0,1,0,0,0,0,0,0,0,0,1,0,0,0,1,0,0
L0194,280000,360,6.5,72,28,0,755,11,25,0,0,1,18,66000,0,0,0,12,102000,2400,1,1,0.2823529411764706,0.0,0.0,0.0,0.0,0.0,0.0,0.0,0.0,0.0,0.0,0.0,0,0,1,0,1,0,1,0,1,0,0,0,0,0,0,1,0,0,0,0,0,0,0,1,0,0,0,1
L0195,455000,360,5.875,74,29,0,795,14,17,0,0,0,23,96000,0,0,0,19,182000,4500,1,1,0.2967032967032967,0.0,0.0,0.0,0.0,0.0,0.0,0.0,0.0,0.0,0.0,0.0,0,1,0,0,1,0,1,0,0,1,0,0,0,0,0,1,0,0,0,0,0,0,0,1,0,0,0,1
L0196,195000,360,6.875,91,51,1,600,3,84,1,4,6,3,14000,1,1,1,1,40000,4200,1,0,1.26,0.0,0.0,0.0,0.0,0.0,0.0,0.0,0.0,0.0,0.0,0.0,0,1,0,0,0,1,1,0,0,1,0,0,1,0,0,0,0,0,0,0,0,1,0,0,1,0,0,0
L0197,315000,360,6.375,80,35,0,740,10,28,0,0,1,15,55000,0,0,0,10,102000,2900,1,1,0.3411764705882353,0.0,0.0,0.0,0.0,0.0,0.0,0.0,0.0,0.0,0.0,0.0,0,1,0,0,1,0,1,0,0,1,0,0,0,0,1,0,0,0,0,0,0,0,0,1,0,0,0,1
L0198,250000,360,6.5,77,33,0,730,9,31,0,0,2,13,49000,0,0,0,9,92000,2500,1,1,0.32608695652173914,0.0,0.0,0.0,0.0,0.0,0.0,0.0,0.0,0.0,0.0,0.0,0,1,0,1,0,0,1,0,0,1,0,0,0,0,1,0,0,0,0,0,0,0,1,0,0,0,1,0
L0199,395000,360,6.0,70,27,0,780,13,20,0,0,0,21,86000,0,0,0,15,155000,3500,1,1,0.2709677419354839,0.0,0.0,0.0,0.0,0.0,0.0,0.0,0.0,0.0,0.0,0.0,0,0,1,0,1,0,1,0,1,0,0,0,0,0,0,1,0,0,0,0,0,0,0,1,0,0,0,1
L0200,180000,180,7.0,67,43,1,635,5,67,0,2,4,5,23000,0,1,1,3,52000,3600,0,0,0.8307692307692308,0.0,0.0,0.0,0.0,0.0,0.0,0.0,0.0,0.0,0.0,0.0,1,0,0,0,1,0,0,1,0,0,1,0,1,0,0,0,0,0,0,0,0,1,0,0,0,1,0,0
L0201,340000,360,6.25,84,38,0,745,10,27,0,0,1,16,58000,0,0,0,10,105000,3300,1,1,0.37714285714285717,0.0,0.0,0.0,0.0,0.0,0.0,0.0,0.0,0.0,0.0,0.0,0,1,0,0,1,0,1,0,0,1,0,0,0,0,1,0,0,0,0,0,0,0,0,1,0,0,0,1
L0202,265000,360,6.5,78,32,0,750,11,26,0,0,1,17,62000,0,0,0,9,88000,2400,1,1,0.32727272727272727,0.0,0.0,0.0,0.0,0.0,0.0,0.0,0.0,0.0,0.0,0.0,0,1,0,0,0,1,1,0,0,1,0,0,0,0,0,1,0,0,0,0,0,0,1,0,0,0,1,0
L0203,430000,360,5.875,71,30,0,770,12,22,0,0,1,19,76000,0,0,0,14,125000,3200,1,1,0.3072,0.0,0.0,0.0,0.0,0.0,0.0,0.0,0.0,0.0,0.0,0.0,0,0,1,0,1,0,1,0,1,0,0,0,0,0,0,1,0,0,0,0,0,0,0,1,0,0,0,1
L0204,205000,360,6.75,93,53,1,590,3,88,1,5,7,2,12000,1,1,1,1,36000,4100,1,0,1.3666666666666667,0.0,0.0,0.0,0.0,0.0,0.0,0.0,0.0,0.0,0.0,0.0,0,1,0,1,0,0,1,0,0,1,0,1,0,0,0,0,0,0,0,0,0,1,0,0,1,0,0,0
L0205,300000,360,6.5,80,35,0,735,9,30,0,0,2,13,50000,0,0,0,10,98000,2800,1,1,0.34285714285714286,0.0,0.0,0.0,0.0,0.0,0.0,0.0,0.0,0.0,0.0,0.0,0,1,0,0,1,0,1,0,0,1,0,0,0,0,1,0,0,0,0,0,0,0,1,0,0,0,0,1
L0206,370000,360,6.125,76,32,0,775,13,21,0,0,0,20,84000,0,0,0,15,145000,3900,1,1,0.32275862068965516,0.0,0.0,0.0,0.0,0.0,0.0,0.0,0.0,0.0,0.0,0.0,0,1,0,0,1,0,1,0,0,1,0,0,0,0,0,1,0,0,0,0,0,0,0,1,0,0,0,1
L0207,175000,240,7.125,66,41,0,695,7,40,0,1,2,9,34000,0,1,0,5,72000,3200,1,1,0.5333333333333333,0.0,0.0,0.0,0.0,0.0,0.0,0.0,0.0,0.0,0.0,0.0,1,0,0,0,0,1,1,0,0,1,0,0,0,1,0,0,0,0,0,0,0,0,1,0,0,0,1,0
L0208,325000,360,6.25,85,45,1,615,4,75,0,3,5,4,19000,0,1,1,2,50000,3800,1,0,0.912,0.0,0.0,0.0,0.0,0.0,0.0,0.0,0.0,0.0,0.0,0.0,0,0,1,0,1,0,1,0,0,1,0,0,1,0,0,0,0,0,0,0,0,1,0,0,0,1,0,0
L0209,240000,360,6.5,79,34,0,730,9,31,0,0,2,13,49000,0,0,0,9,95000,2700,1,1,0.3410526315789474,0.0,0.0,0.0,0.0,0.0,0.0,0.0,0.0,0.0,0.0,0.0,0,1,0,1,0,0,1,0,0,1,0,0,0,0,1,0,0,0,0,0,0,0,1,0,0,0,1,0
L0210,415000,360,6.0,74,29,0,785,13,19,0,0,0,21,89000,0,0,0,17,168000,4200,1,1,0.3,0.0,0.0,0.0,0.0,0.0,0.0,0.0,0.0,0.0,0.0,0.0,0,1,0,0,1,0,1,0,0,1,0,0,0,0,0,1,0,0,0,0,0,0,0,1,0,0,0,1
L0211,190000,180,7.0,89,49,1,605,3,83,1,4,6,3,15000,1,1,1,2,46000,3900,1,0,1.017391304347826,0.0,0.0,0.0,0.0,0.0,0.0,0.0,0.0,0.0,0.0,0.0,1,0,0,0,1,0,1,0,0,1,0,0,1,0,0,0,0,0,0,0,0,1,0,0,0,1,0,0
L0212,350000,360,6.25,82,37,0,745,10,27,0,0,1,16,57000,0,0,0,10,105000,3200,1,1,0.3657142857142857,0.0,0.0,0.0,0.0,0.0,0.0,0.0,0.0,0.0,0.0,0.0,0,1,0,0,0,1,1,0,0,1,0,0,0,0,1,0,0,0,0,0,0,0,0,1,0,0,0,1
L0213,275000,360,6.5,77,33,0,750,11,26,0,0,1,17,63000,0,0,0,9,92000,2500,1,1,0.32608695652173914,0.0,0.0,0.0,0.0,0.0,0.0,0.0,0.0,0.0,0.0,0.0,0,1,0,0,1,0,1,0,0,1,0,0,0,0,0,1,0,0,0,0,0,0,1,0,0,0,1,0
L0214,405000,360,6.0,70,27,0,760,12,24,0,0,1,18,70000,0,0,0,13,118000,2700,1,1,0.2745762711864407,0.0,0.0,0.0,0.0,0.0,0.0,0.0,0.0,0.0,0.0,0.0,0,0,1,0,1,0,1,0,1,0,0,0,0,0,0,1,0,0,0,0,0,0,0,1,0,0,0,1
L0215,170000,240,7.25,87,47,1,620,4,73,0,3,5,4,18000,0,1,1,2,48000,3700,0,0,0.925,0.0,0.0,0.0,0.0,0.0,0.0,0.0,0.0,0.0,0.0,0.0,1,0,0,1,0,0,0,1,0,0,1,0,1,0,0,0,0,0,0,0,0,1,0,0,0,1,0,0
L0216,330000,360,6.375,83,38,0,740,10,28,0,0,1,15,56000,0,0,0,10,105000,3300,1,1,0.37714285714285717,0.0,0.0,0.0,0.0,0.0,0.0,0.0,0.0,0.0,0.0,0.0,0,1,0,0,1,0,1,0,0,1,0,0,0,0,1,0,0,0,0,0,0,0,0,1,0,0,0,1
L0217,255000,360,6.5,78,34,0,735,9,30,0,0,2,14,51000,0,0,0,9,88000,2400,1,1,0.32727272727272727,0.0,0.0,0.0,0.0,0.0,0.0,0.0,0.0,0.0,0.0,0.0,0,1,0,0,1,0,1,0,0,1,0,0,0,0,1,0,0,0,0,0,0,0,1,0,0,0,1,0
L0218,440000,360,5.875,71,30,0,780,13,20,0,0,0,21,87000,0,0,0,14,122000,3100,1,1,0.30491803278688523,0.0,0.0,0.0,0.0,0.0,0.0,0.0,0.0,0.0,0.0,0.0,0,0,1,0,1,0,1,0,1,0,0,0,0,0,0,1,0,0,0,0,0,0,0,1,0,0,0,1
L0219,200000,360,6.75,92,52,1,595,3,86,1,5,6,2,13000,1,1,1,1,38000,4200,1,0,1.3263157894736841,0.0,0.0,0.0,0.0,0.0,0.0,0.0,0.0,0.0,0.0,0.0,0,1,0,0,0,1,1,0,0,1,0,1,0,0,0,0,0,0,0,0,0,1,0,0,1,0,0,0
L0220,305000,360,6.5,80,35,0,730,9,31,0,0,2,13,49000,0,0,0,10,102000,2900,1,1,0.3411764705882353,0.0,0.0,0.0,0.0,0.0,0.0,0.0,0.0,0.0,0.0,0.0,0,1,0,1,0,0,1,0,0,1,0,0,0,0,1,0,0,0,0,0,0,0,0,1,0,0,0,1
L0221,375000,360,6.125,76,32,0,770,12,22,0,0,1,19,77000,0,0,0,15,145000,3900,1,1,0.32275862068965516,0.0,0.0,0.0,0.0,0.0,0.0,0.0,0.0,0.0,0.0,0.0,0,1,0,0,1,0,1,0,0,1,0,0,0,0,0,1,0,0,0,0,0,0,0,1,0,0,0,1
L0222,185000,180,7.0,68,44,1,630,5,68,0,2,4,5,22000,0,1,1,3,55000,3600,1,0,0.7854545454545454,0.0,0.0,0.0,0.0,0.0,0.0,0.0,0.0,0.0,0.0,0.0,1,0,0,0,1,0,1,0,0,1,0,0,1,0,0,0,0,0,0,0,0,1,0,0,0,1,0,0
L0223,345000,360,6.25,84,38,0,745,10,27,0,0,1,16,58000,0,0,0,10,105000,3300,1,1,0.37714285714285717,0.0,0.0,0.0,0.0,0.0,0.0,0.0,0.0,0.0,0.0,0.0,0,0,1,0,1,0,1,0,0,1,0,0,0,0,1,0,0,0,0,0,0,0,0,1,0,0,0,1
L0224,270000,360,6.5,79,34,0,750,11,26,0,0,1,17,62000,0,0,0,9,92000,2600,1,1,0.3391304347826087,0.0,0.0,0.0,0.0,0.0,0.0,0.0,0.0,0.0,0.0,0.0,0,1,0,0,0,1,1,0,0,1,0,0,0,0,0,1,0,0,0,0,0,0,1,0,0,0,1,0
L0225,460000,360,5.875,74,29,0,795,14,17,0,0,0,23,95000,0,0,0,19,185000,4600,1,1,0.2983783783783784,0.0,0.0,0.0,0.0,0.0,0.0,0.0,0.0,0.0,0.0,0.0,0,1,0,0,1,0,1,0,0,1,0,0,0,0,0,1,0,0,0,0,0,0,0,1,0,0,0,1
L0226,195000,240,7.125,66,42,1,640,5,65,0,2,4,6,25000,0,1,1,3,50000,3500,0,0,0.84,0.0,0.0,0.0,0.0,0.0,0.0,0.0,0.0,0.0,0.0,0.0,1,0,0,1,0,0,0,1,0,0,1,0,1,0,0,0,0,0,0,0,0,1,0,0,0,1,0,0
L0227,310000,360,6.375,81,36,0,740,10,28,0,0,1,15,55000,0,0,0,10,102000,3000,1,1,0.35294117647058826,0.0,0.0,0.0,0.0,0.0,0.0,0.0,0.0,0.0,0.0,0.0,0,1,0,0,1,0,1,0,0,1,0,0,0,0,1,0,0,0,0,0,0,0,0,1,0,0,0,1
L0228,250000,360,6.5,77,33,0,735,9,30,0,0,2,14,52000,0,0,0,9,92000,2500,1,1,0.32608695652173914,0.0,0.0,0.0,0.0,0.0,0.0,0.0,0.0,0.0,0.0,0.0,0,1,0,0,1,0,1,0,0,1,0,0,0,0,1,0,0,0,0,0,0,0,1,0,0,0,1,0
L0229,395000,360,6.0,70,27,0,765,12,23,0,0,1,19,73000,0,0,0,14,118000,2700,1,1,0.2745762711864407,0.0,0.0,0.0,0.0,0.0,0.0,0.0,0.0,0.0,0.0,0.0,0,0,1,0,1,0,1,0,1,0,0,0,0,0,0,1,0,0,0,0,0,0,0,1,0,0,0,1
L0230,175000,180,7.0,90,50,1,610,4,78,0,3,5,4,17000,0,1,1,2,48000,4000,1,0,1.0,0.0,0.0,0.0,0.0,0.0,0.0,0.0,0.0,0.0,0.0,0.0,1,0,0,0,0,1,1,0,0,1,0,0,1,0,0,0,0,0,0,0,0,1,0,0,0,1,0,0
L0231,355000,360,6.25,82,37,0,745,10,27,0,0,1,16,57000,0,0,0,10,105000,3200,1,1,0.3657142857142857,0.0,0.0,0.0,0.0,0.0,0.0,0.0,0.0,0.0,0.0,0.0,0,1,0,0,1,0,1,0,0,1,0,0,0,0,1,0,0,0,0,0,0,0,0,1,0,0,0,1
L0232,280000,360,6.5,78,32,0,750,11,26,0,0,1,17,63000,0,0,0,9,88000,2400,1,1,0.32727272727272727,0.0,0.0,0.0,0.0,0.0,0.0,0.0,0.0,0.0,0.0,0.0,0,1,0,1,0,0,1,0,0,1,0,0,0,0,0,1,0,0,0,0,0,0,1,0,0,0,1,0
L0233,425000,360,5.875,71,30,0,780,13,20,0,0,0,21,86000,0,0,0,14,125000,3200,1,1,0.3072,0.0,0.0,0.0,0.0,0.0,0.0,0.0,0.0,0.0,0.0,0.0,0,0,1,0,1,0,1,0,1,0,0,0,0,0,0,1,0,0,0,0,0,0,0,1,0,0,0,1
L0234,210000,360,6.75,94,54,1,590,3,87,1,5,7,2,12000,1,1,1,1,34000,4200,1,0,1.4823529411764707,0.0,0.0,0.0,0.0,0.0,0.0,0.0,0.0,0.0,0.0,0.0,0,1,0,0,1,0,1,0,0,1,0,1,0,0,0,0,0,0,0,0,1,0,0,0,1,0,0,0
L0235,320000,360,6.375,80,35,0,740,10,28,0,0,1,15,56000,0,0,0,10,102000,2900,1,1,0.3411764705882353,0.0,0.0,0.0,0.0,0.0,0.0,0.0,0.0,0.0,0.0,0.0,0,1,0,0,0,1,1,0,0,1,0,0,0,0,1,0,0,0,0,0,0,0,0,1,0,0,0,1
L0236,265000,360,6.5,77,33,0,735,9,30,0,0,2,13,50000,0,0,0,9,92000,2500,1,1,0.32608695652173914,0.0,0.0,0.0,0.0,0.0,0.0,0.0,0.0,0.0,0.0,0.0,0,1,0,0,1,0,1,0,0,1,0,0,0,0,1,0,0,0,0,0,0,0,1,0,0,0,1,0
L0237,400000,360,6.0,73,29,0,770,12,22,0,0,1,19,76000,0,0,0,15,152000,3700,1,1,0.29210526315789476,0.0,0.0,0.0,0.0,0.0,0.0,0.0,0.0,0.0,0.0,0.0,0,0,1,0,1,0,1,0,1,0,0,0,0,0,0,1,0,0,0,0,0,0,0,1,0,0,0,1
L0238,185000,240,7.125,88,48,1,625,4,72,0,3,5,5,20000,0,1,1,2,52000,3800,1,0,0.8769230769230769,0.0,0.0,0.0,0.0,0.0,0.0,0.0,0.0,0.0,0.0,0.0,1,0,0,1,0,0,1,0,0,1,0,0,1,0,0,0,0,0,0,0,0,1,0,0,0,1,0,0
L0239,350000,360,6.25,83,38,0,745,10,27,0,0,1,16,58000,0,0,0,10,105000,3300,1,1,0.37714285714285717,0.0,0.0,0.0,0.0,0.0,0.0,0.0,0.0,0.0,0.0,0.0,0,1,0,0,1,0,1,0,0,1,0,0,0,0,1,0,0,0,0,0,0,0,0,1,0,0,0,1
L0240,245000,360,6.5,79,34,0,730,9,31,0,0,2,13,49000,0,0,0,9,90000,2500,1,1,0.3333333333333333,0.0,0.0,0.0,0.0,0.0,0.0,0.0,0.0,0.0,0.0,0.0,0,1,0,0,1,0,1,0,0,1,0,0,0,0,1,0,0,0,0,0,0,0,1,0,0,0,1,0
L0241,435000,360,5.875,70,27,0,760,12,24,0,0,1,18,71000,0,0,0,13,118000,2700,1,1,0.2745762711864407,0.0,0.0,0.0,0.0,0.0,0.0,0.0,0.0,0.0,0.0,0.0,0,0,1,0,0,1,1,0,1,0,0,0,0,0,0,1,0,0,0,0,0,0,0,1,0,0,0,1
L0242,200000,180,7.0,91,51,1,600,3,84,1,4,6,3,14000,1,1,1,1,40000,4200,1,0,1.26,0.0,0.0,0.0,0.0,0.0,0.0,0.0,0.0,0.0,0.0,0.0,1,0,0,0,1,0,1,0,0,1,0,0,1,0,0,0,0,0,0,0,0,1,0,0,1,0,0,0
L0243,305000,360,6.5,80,35,0,735,9,30,0,0,2,14,51000,0,0,0,10,98000,2800,1,1,0.34285714285714286,0.0,0.0,0.0,0.0,0.0,0.0,0.0,0.0,0.0,0.0,0.0,0,1,0,1,0,0,1,0,0,1,0,0,0,0,1,0,0,0,0,0,0,0,1,0,0,0,0,1
L0244,275000,360,6.5,76,32,0,750,11,26,0,0,1,17,62000,0,0,0,15,145000,3900,1,1,0.32275862068965516,0.0,0.0,0.0,0.0,0.0,0.0,0.0,0.0,0.0,0.0,0.0,0,1,0,0,1,0,1,0,0,1,0,0,0,0,0,1,0,0,0,0,0,0,0,1,0,0,0,1
L0245,380000,360,6.125,71,30,0,775,13,21,0,0,0,20,84000,0,0,0,14,122000,3100,1,1,0.30491803278688523,0.0,0.0,0.0,0.0,0.0,0.0,0.0,0.0,0.0,0.0,0.0,0,0,1,0,1,0,1,0,1,0,0,0,0,0,0,1,0,0,0,0,0,0,0,1,0,0,0,1
L0246,170000,240,7.25,86,46,1,615,4,75,0,3,5,4,19000,0,1,1,2,48000,3700,0,0,0.925,0.0,0.0,0.0,0.0,0.0,0.0,0.0,0.0,0.0,0.0,0.0,1,0,0,0,0,1,0,1,0,0,1,0,1,0,0,0,0,0,0,0,0,1,0,0,0,1,0,0
L0247,340000,360,6.25,84,38,0,745,10,27,0,0,1,16,57000,0,0,0,10,105000,3300,1,1,0.37714285714285717,0.0,0.0,0.0,0.0,0.0,0.0,0.0,0.0,0.0,0.0,0.0,0,1,0,0,1,0,1,0,0,1,0,0,0,0,1,0,0,0,0,0,0,0,0,1,0,0,0,1
L0248,230000,360,6.625,78,33,0,735,9,30,0,0,2,14,52000,0,0,0,9,90000,2400,1,1,0.32,0.0,0.0,0.0,0.0,0.0,0.0,0.0,0.0,0.0,0.0,0.0,0,1,0,1,0,0,1,0,0,1,0,0,0,0,1,0,0,0,0,0,0,0,1,0,0,0,1,0
L0249,455000,360,5.875,74,29,0,790,14,18,0,0,0,22,92000,0,0,0,18,178000,4400,1,1,0.2966292134831461,0.0,0.0,0.0,0.0,0.0,0.0,0.0,0.0,0.0,0.0,0.0,0,1,0,0,1,0,1,0,0,1,0,0,0,0,0,1,0,0,0,0,0,0,0,1,0,0,0,1
L0250,195000,180,7.0,89,49,1,605,3,82,1,4,6,3,15000,1,1,1,1,38000,4100,1,0,1.2947368421052632,0.0,0.0,0.0,0.0,0.0,0.0,0.0,0.0,0.0,0.0,0.0,1,0,0,0,1,0,1,0,0,1,0,0,1,0,0,0,0,0,0,0,0,1,0,0,1,0,0,0
L0251,310000,360,6.375,81,36,0,740,10,28,0,0,1,15,55000,0,0,0,10,102000,3000,1,1,0.35294117647058826,0.0,0.0,0.0,0.0,0.0,0.0,0.0,0.0,0.0,0.0,0.0,0,1,0,0,0,1,1,0,0,1,0,0,0,0,1,0,0,0,0,0,0,0,0,1,0,0,0,1
L0252,260000,360,6.5,72,28,0,755,11,25,0,0,1,18,66000,0,0,0,12,102000,2400,1,1,0.2823529411764706,0.0,0.0,0.0,0.0,0.0,0.0,0.0,0.0,0.0,0.0,0.0,0,0,1,0,1,0,1,0,1,0,0,0,0,0,0,1,0,0,0,0,0,0,0,1,0,0,0,1
L0253,415000,360,6.0,75,31,0,780,13,21,0,0,0,20,85000,0,0,0,16,155000,4000,1,1,0.3096774193548387,0.0,0.0,0.0,0.0,0.0,0.0,0.0,0.0,0.0,0.0,0.0,0,1,0,0,1,0,1,0,0,1,0,0,0,0,0,1,0,0,0,0,0,0,0,1,0,0,0,1
L0254,180000,360,6.875,93,53,1,595,3,86,1,5,6,2,13000,1,1,1,1,36000,4200,1,0,1.4,0.0,0.0,0.0,0.0,0.0,0.0,0.0,0.0,0.0,0.0,0.0,0,1,0,1,0,0,1,0,0,1,0,1,0,0,0,0,0,0,0,0,0,1,0,0,1,0,0,0
L0255,355000,360,6.25,80,35,0,735,9,30,0,0,2,13,50000,0,0,0,10,98000,2800,1,1,0.34285714285714286,0.0,0.0,0.0,0.0,0.0,0.0,0.0,0.0,0.0,0.0,0.0,0,1,0,0,1,0,1,0,0,1,0,0,0,0,1,0,0,0,0,0,0,0,1,0,0,0,0,1
L0256,245000,360,6.5,77,33,0,750,11,26,0,0,1,17,63000,0,0,0,9,92000,2500,1,1,0.32608695652173914,0.0,0.0,0.0,0.0,0.0,0.0,0.0,0.0,0.0,0.0,0.0,0,1,0,0,1,0,1,0,0,1,0,0,0,0,0,1,0,0,0,0,0,0,1,0,0,0,1,0
L0257,390000,360,6.0,70,27,0,765,12,23,0,0,1,19,73000,0,0,0,14,120000,2900,1,1,0.29,0.0,0.0,0.0,0.0,0.0,0.0,0.0,0.0,0.0,0.0,0.0,0,0,1,0,1,0,1,0,1,0,0,0,0,0,0,1,0,0,0,0,0,0,0,1,0,0,0,1
L0258,175000,240,7.125,67,43,1,630,5,67,0,2,4,5,23000,0,1,1,3,55000,3600,1,0,0.7854545454545454,0.0,0.0,0.0,0.0,0.0,0.0,0.0,0.0,0.0,0.0,0.0,1,0,0,0,0,1,1,0,0,1,0,0,1,0,0,0,0,0,0,0,0,1,0,0,0,1,0,0
L0259,325000,360,6.25,84,38,0,745,10,27,0,0,1,16,58000,0,0,0,10,105000,3300,1,1,0.37714285714285717,0.0,0.0,0.0,0.0,0.0,0.0,0.0,0.0,0.0,0.0,0.0,0,1,0,0,1,0,1,0,0,1,0,0,0,0,1,0,0,0,0,0,0,0,0,1,0,0,0,1
L0260,280000,360,6.5,79,34,0,730,9,31,0,0,2,13,49000,0,0,0,9,90000,2500,1,1,0.3333333333333333,0.0,0.0,0.0,0.0,0.0,0.0,0.0,0.0,0.0,0.0,0.0,0,1,0,1,0,0,1,0,0,1,0,0,0,0,1,0,0,0,0,0,0,0,1,0,0,0,1,0
L0261,445000,360,5.875,71,30,0,770,12,22,0,0,1,19,76000,0,0,0,14,125000,3200,1,1,0.3072,0.0,0.0,0.0,0.0,0.0,0.0,0.0,0.0,0.0,0.0,0.0,0,0,1,0,1,0,1,0,1,0,0,0,0,0,0,1,0,0,0,0,0,0,0,1,0,0,0,1
L0262,205000,360,6.75,91,51,1,610,4,77,0,3,5,4,17000,0,1,1,2,46000,3900,1,0,1.017391304347826,0.0,0.0,0.0,0.0,0.0,0.0,0.0,0.0,0.0,0.0,0.0,0,1,0,0,1,0,1,0,0,1,0,0,1,0,0,0,0,0,0,0,0,1,0,0,0,1,0,0
L0263,360000,360,6.25,82,37,0,740,10,28,0,0,1,15,56000,0,0,0,10,105000,3200,1,1,0.3657142857142857,0.0,0.0,0.0,0.0,0.0,0.0,0.0,0.0,0.0,0.0,0.0,0,1,0,0,0,1,1,0,0,1,0,0,0,0,1,0,0,0,0,0,0,0,0,1,0,0,0,1
L0264,255000,360,6.5,77,32,0,750,11,26,0,0,1,17,62000,0,0,0,9,88000,2400,1,1,0.32727272727272727,0.0,0.0,0.0,0.0,0.0,0.0,0.0,0.0,0.0,0.0,0.0,0,1,0,0,1,0,1,0,0,1,0,0,0,0,0,1,0,0,0,0,0,0,1,0,0,0,1,0
L0265,405000,360,6.0,73,29,0,775,13,21,0,0,0,20,84000,0,0,0,15,152000,3700,1,1,0.29210526315789476,0.0,0.0,0.0,0.0,0.0,0.0,0.0,0.0,0.0,0.0,0.0,0,0,1,0,1,0,1,0,1,0,0,0,0,0,0,1,0,0,0,0,0,0,0,1,0,0,0,1
L0266,190000,180,7.0,88,48,1,620,4,74,0,3,5,4,18000,0,1,1,2,50000,3800,0,0,0.912,0.0,0.0,0.0,0.0,0.0,0.0,0.0,0.0,0.0,0.0,0.0,1,0,0,1,0,0,0,1,0,0,1,0,1,0,0,0,0,0,0,0,0,1,0,0,0,1,0,0
L0267,330000,360,6.375,80,35,0,735,9,30,0,0,2,14,51000,0,0,0,10,102000,2900,1,1,0.3411764705882353,0.0,0.0,0.0,0.0,0.0,0.0,0.0,0.0,0.0,0.0,0.0,0,1,0,0,1,0,1,0,0,1,0,0,0,0,1,0,0,0,0,0,0,0,0,1,0,0,0,1
L0268,270000,360,6.5,78,34,0,745,10,27,0,0,1,16,57000,0,0,0,9,92000,2600,1,1,0.3391304347826087,0.0,0.0,0.0,0.0,0.0,0.0,0.0,0.0,0.0,0.0,0.0,0,1,0,0,1,0,1,0,0,1,0,0,0,0,1,0,0,0,0,0,0,0,1,0,0,0,1,0
L0269,425000,360,5.875,70,27,0,780,13,20,0,0,0,21,87000,0,0,0,13,118000,2700,1,1,0.2745762711864407,0.0,0.0,0.0,0.0,0.0,0.0,0.0,0.0,0.0,0.0,0.0,0,0,1,0,0,1,1,0,1,0,0,0,0,0,0,1,0,0,0,0,0,0,0,1,0,0,0,1
L0270,185000,240,7.125,86,46,1,625,4,71,0,3,5,5,21000,0,1,1,2,48000,3800,1,0,0.95,0.0,0.0,0.0,0.0,0.0,0.0,0.0,0.0,0.0,0.0,0.0,1,0,0,0,1,0,1,0,0,1,0,0,1,0,0,0,0,0,0,0,0,1,0,0,0,1,0,0
L0271,350000,360,6.25,83,38,0,740,10,28,0,0,1,15,55000,0,0,0,10,105000,3300,1,1,0.37714285714285717,0.0,0.0,0.0,0.0,0.0,0.0,0.0,0.0,0.0,0.0,0.0,0,1,0,1,0,0,1,0,0,1,0,0,0,0,1,0,0,0,0,0,0,0,0,1,0,0,0,1
L0272,240000,360,6.5,79,34,0,730,9,31,0,0,2,13,49000,0,0,0,9,90000,2500,1,1,0.3333333333333333,0.0,0.0,0.0,0.0,0.0,0.0,0.0,0.0,0.0,0.0,0.0,0,1,0,0,1,0,1,0,0,1,0,0,0,0,1,0,0,0,0,0,0,0,1,0,0,0,1,0
L0273,400000,360,6.0,71,30,0,765,12,23,0,0,1,19,74000,0,0,0,14,122000,3100,1,1,0.30491803278688523,0.0,0.0,0.0,0.0,0.0,0.0,0.0,0.0,0.0,0.0,0.0,0,0,1,0,1,0,1,0,1,0,0,0,0,0,0,1,0,0,0,0,0,0,0,1,0,0,0,1
L0274,200000,360,6.75,92,52,1,590,3,88,1,5,7,2,12000,1,1,1,1,38000,4200,1,0,1.3263157894736841,0.0,0.0,0.0,0.0,0.0,0.0,0.0,0.0,0.0,0.0,0.0,0,1,0,0,0,1,1,0,0,1,0,1,0,0,0,0,0,0,0,0,0,1,0,0,1,0,0,0
L0275,315000,360,6.375,80,35,0,745,10,27,0,0,1,16,58000,0,0,0,10,102000,2900,1,1,0.3411764705882353,0.0,0.0,0.0,0.0,0.0,0.0,0.0,0.0,0.0,0.0,0.0,0,1,0,0,1,0,1,0,0,1,0,0,0,0,1,0,0,0,0,0,0,0,0,1,0,0,0,1
L0276,265000,360,6.5,77,33,0,750,11,26,0,0,1,17,63000,0,0,0,9,92000,2500,1,1,0.32608695652173914,0.0,0.0,0.0,0.0,0.0,0.0,0.0,0.0,0.0,0.0,0.0,0,1,0,0,1,0,1,0,0,1,0,0,0,0,0,1,0,0,0,0,0,0,1,0,0,0,1,0
L0277,450000,360,5.875,74,29,0,790,14,18,0,0,0,22,93000,0,0,0,18,178000,4400,1,1,0.2966292134831461,0.0,0.0,0.0,0.0,0.0,0.0,0.0,0.0,0.0,0.0,0.0,0,0,1,0,1,0,1,0,0,1,0,0,0,0,0,1,0,0,0,0,0,0,0,1,0,0,0,1
L0278,175000,180,7.0,68,44,1,635,5,66,0,2,4,5,24000,0,1,1,3,52000,3600,0,0,0.8307692307692308,0.0,0.0,0.0,0.0,0.0,0.0,0.0,0.0,0.0,0.0,0.0,1,0,0,1,0,0,0,1,0,0,1,0,1,0,0,0,0,0,0,0,0,1,0,0,0,1,0,0
L0279,340000,360,6.25,84,38,0,740,10,28,0,0,1,15,56000,0,0,0,10,105000,3300,1,1,0.37714285714285717,0.0,0.0,0.0,0.0,0.0,0.0,0.0,0.0,0.0,0.0,0.0,0,1,0,0,1,0,1,0,0,1,0,0,0,0,1,0,0,0,0,0,0,0,0,1,0,0,0,1
L0280,285000,360,6.5,78,32,0,735,9,30,0,0,2,14,52000,0,0,0,9,88000,2400,1,1,0.32727272727272727,0.0,0.0,0.0,0.0,0.0,0.0,0.0,0.0,0.0,0.0,0.0,0,1,0,0,0,1,1,0,0,1,0,0,0,0,1,0,0,0,0,0,0,0,1,0,0,0,1,0
L0281,410000,360,6.0,70,27,0,780,13,20,0,0,0,21,86000,0,0,0,13,118000,2700,1,1,0.2745762711864407,0.0,0.0,0.0,0.0,0.0,0.0,0.0,0.0,0.0,0.0,0.0,0,0,1,0,1,0,1,0,1,0,0,0,0,0,0,1,0,0,0,0,0,0,0,1,0,0,0,1
L0282,195000,360,6.875,90,50,1,600,3,84,1,4,6,3,14000,1,1,1,1,40000,4200,1,0,1.26,0.0,0.0,0.0,0.0,0.0,0.0,0.0,0.0,0.0,0.0,0.0,0,1,0,0,1,0,1,0,0,1,0,0,1,0,0,0,0,0,0,0,0,1,0,0,1,0,0,0
L0283,355000,360,6.25,81,36,0,745,10,27,0,0,1,16,57000,0,0,0,10,102000,3000,1,1,0.35294117647058826,0.0,0.0,0.0,0.0,0.0,0.0,0.0,0.0,0.0,0.0,0.0,0,1,0,1,0,0,1,0,0,1,0,0,0,0,1,0,0,0,0,0,0,0,0,1,0,0,0,1
L0284,250000,360,6.5,77,33,0,750,11,26,0,0,1,17,62000,0,0,0,9,92000,2500,1,1,0.32608695652173914,0.0,0.0,0.0,0.0,0.0,0.0,0.0,0.0,0.0,0.0,0.0,0,1,0,0,1,0,1,0,0,1,0,0,0,0,0,1,0,0,0,0,0,0,1,0,0,0,1,0
L0285,395000,360,6.0,73,29,0,770,12,22,0,0,1,19,76000,0,0,0,15,152000,3700,1,1,0.29210526315789476,0.0,0.0,0.0,0.0,0.0,0.0,0.0,0.0,0.0,0.0,0.0,0,0,1,0,1,0,1,0,1,0,0,0,0,0,0,1,0,0,0,0,0,0,0,1,0,0,0,1
L0286,180000,240,7.125,87,47,1,615,4,75,0,3,5,4,19000,0,1,1,2,48000,3800,1,0,0.95,0.0,0.0,0.0,0.0,0.0,0.0,0.0,0.0,0.0,0.0,0.0,1,0,0,0,0,1,1,0,0,1,0,0,1,0,0,0,0,0,0,0,0,1,0,0,0,1,0,0
L0287,320000,360,6.375,82,37,0,740,10,28,0,0,1,15,55000,0,0,0,10,105000,3200,1,1,0.3657142857142857,0.0,0.0,0.0,0.0,0.0,0.0,0.0,0.0,0.0,0.0,0.0,0,1,0,0,1,0,1,0,0,1,0,0,0,0,1,0,0,0,0,0,0,0,0,1,0,0,0,1
L0288,275000,360,6.5,79,34,0,730,9,31,0,0,2,13,49000,0,0,0,9,90000,2500,1,1,0.3333333333333333,0.0,0.0,0.0,0.0,0.0,0.0,0.0,0.0,0.0,0.0,0.0,0,1,0,0,1,0,1,0,0,1,0,0,0,0,1,0,0,0,0,0,0,0,1,0,0,0,1,0
L0289,440000,360,5.875,71,30,0,765,12,23,0,0,1,19,73000,0,0,0,14,122000,3100,1,1,0.30491803278688523,0.0,0.0,0.0,0.0,0.0,0.0,0.0,0.0,0.0,0.0,0.0,0,0,1,0,1,0,1,0,1,0,0,0,0,0,0,1,0,0,0,0,0,0,0,1,0,0,0,1
L0290,210000,360,6.75,94,54,1,595,3,86,1,5,6,2,13000,1,1,1,1,34000,4200,1,0,1.4823529411764707,0.0,0.0,0.0,0.0,0.0,0.0,0.0,0.0,0.0,0.0,0.0,0,1,0,1,0,0,1,0,0,1,0,1,0,0,0,0,0,0,0,0,1,0,0,0,1,0,0,0
L0291,365000,360,6.25,80,35,0,735,9,30,0,0,2,14,51000,0,0,0,10,102000,2900,1,1,0.3411764705882353,0.0,0.0,0.0,0.0,0.0,0.0,0.0,0.0,0.0,0.0,0.0,0,1,0,0,0,1,1,0,0,1,0,0,0,0,1,0,0,0,0,0,0,0,0,1,0,0,0,1
L0292,255000,360,6.5,77,32,0,750,11,26,0,0,1,17,63000,0,0,0,9,88000,2400,1,1,0.32727272727272727,0.0,0.0,0.0,0.0,0.0,0.0,0.0,0.0,0.0,0.0,0.0,0,1,0,0,1,0,1,0,0,1,0,0,0,0,0,1,0,0,0,0,0,0,1,0,0,0,1,0
L0293,420000,360,5.875,70,27,0,780,13,20,0,0,0,21,87000,0,0,0,13,118000,2700,1,1,0.2745762711864407,0.0,0.0,0.0,0.0,0.0,0.0,0.0,0.0,0.0,0.0,0.0,0,0,1,0,1,0,1,0,1,0,0,0,0,0,0,1,0,0,0,0,0,0,0,1,0,0,0,1
L0294,190000,180,7.0,89,49,1,610,4,77,0,3,5,4,17000,0,1,1,2,46000,3900,1,0,1.017391304347826,0.0,0.0,0.0,0.0,0.0,0.0,0.0,0.0,0.0,0.0,0.0,1,0,0,0,1,0,1,0,0,1,0,0,1,0,0,0,0,0,0,0,0,1,0,0,0,1,0,0
L0295,335000,360,6.375,83,38,0,745,10,27,0,0,1,16,58000,0,0,0,10,105000,3300,1,1,0.37714285714285717,0.0,0.0,0.0,0.0,0.0,0.0,0.0,0.0,0.0,0.0,0.0,0,1,0,0,1,0,1,0,0,1,0,0,0,0,1,0,0,0,0,0,0,0,0,1,0,0,0,1
L0296,280000,360,6.5,78,33,0,730,9,31,0,0,2,13,49000,0,0,0,9,90000,2500,1,1,0.3333333333333333,0.0,0.0,0.0,0.0,0.0,0.0,0.0,0.0,0.0,0.0,0.0,0,1,0,1,0,0,1,0,0,1,0,0,0,0,1,0,0,0,0,0,0,0,1,0,0,0,1,0
L0297,455000,360,5.875,74,29,0,790,14,18,0,0,0,22,92000,0,0,0,18,175000,4300,1,1,0.2948571428571429,0.0,0.0,0.0,0.0,0.0,0.0,0.0,0.0,0.0,0.0,0.0,0,0,1,0,1,0,1,0,0,1,0,0,0,0,0,1,0,0,0,0,0,0,0,1,0,0,0,1
L0298,175000,240,7.25,86,46,1,620,4,73,0,3,5,4,18000,0,1,1,2,48000,3700,0,0,0.925,0.0,0.0,0.0,0.0,0.0,0.0,0.0,0.0,0.0,0.0,0.0,1,0,0,0,0,1,0,1,0,0,1,0,1,0,0,0,0,0,0,0,0,1,0,0,0,1,0,0
L0299,310000,360,6.5,81,36,0,740,10,28,0,0,1,15,55000,0,0,0,10,102000,3000,1,1,0.35294117647058826,0.0,0.0,0.0,0.0,0.0,0.0,0.0,0.0,0.0,0.0,0.0,0,1,0,0,1,0,1,0,0,1,0,0,0,0,1,0,0,0,0,0,0,0,0,1,0,0,0,1
L0300,265000,360,6.5,77,32,0,750,11,26,0,0,1,17,62000,0,0,0,9,92000,2500,1,1,0.32608695652173914,0.0,0.0,0.0,0.0,0.0,0.0,0.0,0.0,0.0,0.0,0.0,0,1,0,0,1,0,1,0,0,1,0,0,0,0,0,1,0,0,0,0,0,0,1,0,0,0,1,0
L0301,400000,360,6.0,71,30,0,765,12,23,0,0,1,19,74000,0,0,0,14,120000,2900,1,1,0.29,0.0,0.0,0.0,0.0,0.0,0.0,0.0,0.0,0.0,0.0,0.0,0,0,1,0,1,0,1,0,1,0,0,0,0,0,0,1,0,0,0,0,0,0,0,1,0,0,0,1
L0302,200000,360,6.75,92,52,1,595,3,85,1,5,6,2,13000,1,1,1,1,38000,4200,1,0,1.3263157894736841,0.0,0.0,0.0,0.0,0.0,0.0,0.0,0.0,0.0,0.0,0.0,0,1,0,1,0,0,1,0,0,1,0,1,0,0,0,0,0,0,0,0,0,1,0,0,1,0,0,0
L0303,355000,360,6.25,80,35,0,735,9,30,0,0,2,13,50000,0,0,0,10,98000,2800,1,1,0.34285714285714286,0.0,0.0,0.0,0.0,0.0,0.0,0.0,0.0,0.0,0.0,0.0,0,1,0,0,0,1,1,0,0,1,0,0,0,0,1,0,0,0,0,0,0,0,1,0,0,0,0,1
L0304,245000,360,6.5,78,34,0,745,10,27,0,0,1,16,57000,0,0,0,9,88000,2400,1,1,0.32727272727272727,0.0,0.0,0.0,0.0,0.0,0.0,0.0,0.0,0.0,0.0,0.0,0,1,0,0,1,0,1,0,0,1,0,0,0,0,1,0,0,0,0,0,0,0,1,0,0,0,1,0
L0305,430000,360,5.875,73,29,0,775,13,21,0,0,0,20,84000,0,0,0,15,155000,3800,1,1,0.29419354838709677,0.0,0.0,0.0,0.0,0.0,0.0,0.0,0.0,0.0,0.0,0.0,0,0,1,0,1,0,1,0,1,0,0,0,0,0,0,1,0,0,0,0,0,0,0,1,0,0,0,1
L0306,185000,180,7.0,88,48,1,630,5,68,0,2,4,5,22000,0,1,1,3,55000,3600,1,0,0.7854545454545454,0.0,0.0,0.0,0.0,0.0,0.0,0.0,0.0,0.0,0.0,0.0,1,0,0,0,1,0,1,0,0,1,0,0,1,0,0,0,0,0,0,0,0,1,0,0,0,1,0,0
L0307,320000,360,6.375,84,38,0,740,10,28,0,0,1,15,56000,0,0,0,10,105000,3300,1,1,0.37714285714285717,0.0,0.0,0.0,0.0,0.0,0.0,0.0,0.0,0.0,0.0,0.0,0,1,0,0,1,0,1,0,0,1,0,0,0,0,1,0,0,0,0,0,0,0,0,1,0,0,0,1
L0308,270000,360,6.5,79,34,0,730,9,31,0,0,2,13,49000,0,0,0,9,90000,2500,1,1,0.3333333333333333,0.0,0.0,0.0,0.0,0.0,0.0,0.0,0.0,0.0,0.0,0.0,0,1,0,1,0,0,1,0,0,1,0,0,0,0,1,0,0,0,0,0,0,0,1,0,0,0,1,0
L0309,415000,360,6.0,70,27,0,780,13,20,0,0,0,21,86000,0,0,0,13,118000,2700,1,1,0.2745762711864407,0.0,0.0,0.0,0.0,0.0,0.0,0.0,0.0,0.0,0.0,0.0,0,0,1,0,1,0,1,0,1,0,0,0,0,0,0,1,0,0,0,0,0,0,0,1,0,0,0,1
L0310,195000,240,7.125,67,43,1,640,5,65,0,2,4,6,25000,0,1,1,3,52000,3600,0,0,0.8307692307692308,0.0,0.0,0.0,0.0,0.0,0.0,0.0,0.0,0.0,0.0,0.0,1,0,0,0,0,1,0,1,0,0,1,0,1,0,0,0,0,0,0,0,0,1,0,0,0,1,0,0
L0311,350000,360,6.25,81,36,0,745,10,27,0,0,1,16,58000,0,0,0,10,102000,3000,1,1,0.35294117647058826,0.0,0.0,0.0,0.0,0.0,0.0,0.0,0.0,0.0,0.0,0.0,0,1,0,0,1,0,1,0,0,1,0,0,0,0,1,0,0,0,0,0,0,0,0,1,0,0,0,1
L0312,260000,360,6.5,77,33,0,750,11,26,0,0,1,17,63000,0,0,0,9,92000,2500,1,1,0.32608695652173914,0.0,0.0,0.0,0.0,0.0,0.0,0.0,0.0,0.0,0.0,0.0,0,1,0,0,1,0,1,0,0,1,0,0,0,0,0,1,0,0,0,0,0,0,1,0,0,0,1,0
L0313,445000,360,5.875,71,30,0,790,14,18,0,0,0,22,93000,0,0,0,18,178000,4400,1,1,0.2966292134831461,0.0,0.0,0.0,0.0,0.0,0.0,0.0,0.0,0.0,0.0,0.0,0,0,1,0,1,0,1,0,0,1,0,0,0,0,0,1,0,0,0,0,0,0,0,1,0,0,0,1
L0314,180000,360,6.875,90,50,1,610,4,78,0,3,5,4,17000,0,1,1,2,46000,3900,1,0,1.017391304347826,0.0,0.0,0.0,0.0,0.0,0.0,0.0,0.0,0.0,0.0,0.0,0,1,0,1,0,0,1,0,0,1,0,0,1,0,0,0,0,0,0,0,0,1,0,0,0,1,0,0
L0315,315000,360,6.375,82,37,0,735,9,30,0,0,2,14,51000,0,0,0,10,98000,2800,1,1,0.34285714285714286,0.0,0.0,0.0,0.0,0.0,0.0,0.0,0.0,0.0,0.0,0.0,0,1,0,0,0,1,1,0,0,1,0,0,0,0,1,0,0,0,0,0,0,0,1,0,0,0,0,1
L0316,285000,360,6.5,78,32,0,745,10,27,0,0,1,16,57000,0,0,0,9,88000,2400,1,1,0.32727272727272727,0.0,0.0,0.0,0.0,0.0,0.0,0.0,0.0,0.0,0.0,0.0,0,1,0,0,1,0,1,0,0,1,0,0,0,0,1,0,0,0,0,0,0,0,1,0,0,0,1,0
L0317,400000,360,6.0,74,29,0,775,13,21,0,0,0,20,85000,0,0,0,15,152000,3700,1,1,0.29210526315789476,0.0,0.0,0.0,0.0,0.0,0.0,0.0,0.0,0.0,0.0,0.0,0,0,1,0,1,0,1,0,1,0,0,0,0,0,0,1,0,0,0,0,0,0,0,1,0,0,0,1
L0318,205000,180,7.0,93,53,1,590,3,87,1,5,7,2,12000,1,1,1,1,36000,4200,1,0,1.4,0.0,0.0,0.0,0.0,0.0,0.0,0.0,0.0,0.0,0.0,0.0,1,0,0,0,1,0,1,0,0,1,0,1,0,0,0,0,0,0,0,0,0,1,0,0,1,0,0,0
L0319,340000,360,6.25,80,35,0,740,10,28,0,0,1,15,55000,0,0,0,10,102000,2900,1,1,0.3411764705882353,0.0,0.0,0.0,0.0,0.0,0.0,0.0,0.0,0.0,0.0,0.0,0,1,0,0,1,0,1,0,0,1,0,0,0,0,1,0,0,0,0,0,0,0,0,1,0,0,0,1
L0320,255000,360,6.5,77,33,0,730,9,31,0,0,2,13,49000,0,0,0,9,92000,2500,1,1,0.32608695652173914,0.0,0.0,0.0,0.0,0.0,0.0,0.0,0.0,0.0,0.0,0.0,0,1,0,1,0,0,1,0,0,1,0,0,0,0,1,0,0,0,0,0,0,0,1,0,0,0,1,0
L0321,420000,360,5.875,70,27,0,765,12,23,0,0,1,19,74000,0,0,0,14,122000,3100,1,1,0.30491803278688523,0.0,0.0,0.0,0.0,0.0,0.0,0.0,0.0,0.0,0.0,0.0,0,0,1,0,0,1,1,0,1,0,0,0,0,0,0,1,0,0,0,0,0,0,0,1,0,0,0,1
L0322,175000,240,7.25,87,47,1,625,4,72,0,3,5,5,20000,0,1,1,2,50000,3800,1,0,0.912,0.0,0.0,0.0,0.0,0.0,0.0,0.0,0.0,0.0,0.0,0.0,1,0,0,0,1,0,1,0,0,1,0,0,1,0,0,0,0,0,0,0,0,1,0,0,0,1,0,0
L0323,365000,360,6.25,84,38,0,745,10,27,0,0,1,16,58000,0,0,0,10,105000,3300,1,1,0.37714285714285717,0.0,0.0,0.0,0.0,0.0,0.0,0.0,0.0,0.0,0.0,0.0,0,1,0,0,1,0,1,0,0,1,0,0,0,0,1,0,0,0,0,0,0,0,0,1,0,0,0,1
L0324,290000,360,6.5,79,34,0,735,9,30,0,0,2,14,52000,0,0,0,9,95000,2700,1,1,0.3410526315789474,0.0,0.0,0.0,0.0,0.0,0.0,0.0,0.0,0.0,0.0,0.0,0,1,0,0,1,0,1,0,0,1,0,0,0,0,1,0,0,0,0,0,0,0,1,0,0,0,1,0
L0325,455000,360,5.875,71,30,0,780,13,20,0,0,0,21,87000,0,0,0,17,168000,4200,1,1,0.3,0.0,0.0,0.0,0.0,0.0,0.0,0.0,0.0,0.0,0.0,0.0,0,0,1,0,1,0,1,0,0,1,0,0,0,0,0,1,0,0,0,0,0,0,0,1,0,0,0,1
L0326,200000,360,6.75,91,51,1,600,3,84,1,4,6,3,14000,1,1,1,1,40000,4200,1,0,1.26,0.0,0.0,0.0,0.0,0.0,0.0,0.0,0.0,0.0,0.0,0.0,0,1,0,1,0,0,1,0,0,1,0,0,1,0,0,0,0,0,0,0,0,1,0,0,1,0,0,0
L0327,330000,360,6.375,80,35,0,740,10,28,0,0,1,15,56000,0,0,0,10,102000,2900,1,1,0.3411764705882353,0.0,0.0,0.0,0.0,0.0,0.0,0.0,0.0,0.0,0.0,0.0,0,1,0,0,0,1,1,0,0,1,0,0,0,0,1,0,0,0,0,0,0,0,0,1,0,0,0,1
L0328,275000,360,6.5,77,32,0,750,11,26,0,0,1,17,62000,0,0,0,9,88000,2400,1,1,0.32727272727272727,0.0,0.0,0.0,0.0,0.0,0.0,0.0,0.0,0.0,0.0,0.0,0,1,0,0,1,0,1,0,0,1,0,0,0,0,0,1,0,0,0,0,0,0,1,0,0,0,1,0
L0329,410000,360,6.0,73,29,0,770,12,22,0,0,1,19,76000,0,0,0,15,148000,3600,1,1,0.2918918918918919,0.0,0.0,0.0,0.0,0.0,0.0,0.0,0.0,0.0,0.0,0.0,0,0,1,0,1,0,1,0,1,0,0,0,0,0,0,1,0,0,0,0,0,0,0,1,0,0,0,1
L0330,185000,180,7.0,88,48,1,615,4,76,0,3,5,4,18000,0,1,1,2,48000,3700,0,0,0.925,0.0,0.0,0.0,0.0,0.0,0.0,0.0,0.0,0.0,0.0,0.0,1,0,0,0,1,0,0,1,0,0,1,0,1,0,0,0,0,0,0,0,0,1,0,0,0,1,0,0
L0331,350000,360,6.25,83,38,0,745,10,27,0,0,1,16,57000,0,0,0,10,105000,3200,1,1,0.3657142857142857,0.0,0.0,0.0,0.0,0.0,0.0,0.0,0.0,0.0,0.0,0.0,0,1,0,0,1,0,1,0,0,1,0,0,0,0,1,0,0,0,0,0,0,0,0,1,0,0,0,1
L0332,250000,360,6.5,78,34,0,730,9,31,0,0,2,13,49000,0,0,0,9,90000,2500,1,1,0.3333333333333333,0.0,0.0,0.0,0.0,0.0,0.0,0.0,0.0,0.0,0.0,0.0,0,1,0,1,0,0,1,0,0,1,0,0,0,0,1,0,0,0,0,0,0,0,1,0,0,0,1,0
L0333,440000,360,5.875,70,27,0,785,13,19,0,0,0,21,88000,0,0,0,17,165000,4100,1,1,0.29818181818181816,0.0,0.0,0.0,0.0,0.0,0.0,0.0,0.0,0.0,0.0,0.0,0,0,1,0,1,0,1,0,0,1,0,0,0,0,0,1,0,0,0,0,0,0,0,1,0,0,0,1
L0334,195000,240,7.125,86,46,1,605,3,83,1,4,6,3,15000,1,1,1,1,38000,4100,1,0,1.2947368421052632,0.0,0.0,0.0,0.0,0.0,0.0,0.0,0.0,0.0,0.0,0.0,1,0,0,0,0,1,1,0,0,1,0,0,1,0,0,0,0,0,0,0,0,1,0,0,1,0,0,0
L0335,315000,360,6.375,81,36,0,740,10,28,0,0,1,15,55000,0,0,0,10,102000,2900,1,1,0.3411764705882353,0.0,0.0,0.0,0.0,0.0,0.0,0.0,0.0,0.0,0.0,0.0,0,1,0,0,1,0,1,0,0,1,0,0,0,0,1,0,0,0,0,0,0,0,0,1,0,0,0,1
L0336,270000,360,6.5,77,33,0,750,11,26,0,0,1,17,63000,0,0,0,9,92000,2500,1,1,0.32608695652173914,0.0,0.0,0.0,0.0,0.0,0.0,0.0,0.0,0.0,0.0,0.0,0,1,0,0,1,0,1,0,0,1,0,0,0,0,0,1,0,0,0,0,0,0,1,0,0,0,1,0
L0337,405000,360,6.0,74,29,0,775,13,21,0,0,0,20,84000,0,0,0,15,155000,3800,1,1,0.29419354838709677,0.0,0.0,0.0,0.0,0.0,0.0,0.0,0.0,0.0,0.0,0.0,0,0,1,0,1,0,1,0,1,0,0,0,0,0,0,1,0,0,0,0,0,0,0,1,0,0,0,1
L0338,180000,360,6.875,92,52,1,595,3,86,1,5,6,2,13000,1,1,1,1,36000,4200,1,0,1.4,0.0,0.0,0.0,0.0,0.0,0.0,0.0,0.0,0.0,0.0,0.0,0,1,0,1,0,0,1,0,0,1,0,1,0,0,0,0,0,0,0,0,0,1,0,0,1,0,0,0
L0339,355000,360,6.25,80,35,0,735,9,30,0,0,2,13,50000,0,0,0,10,98000,2800,1,1,0.34285714285714286,0.0,0.0,0.0,0.0,0.0,0.0,0.0,0.0,0.0,0.0,0.0,0,1,0,0,0,1,1,0,0,1,0,0,0,0,1,0,0,0,0,0,0,0,1,0,0,0,0,1
L0340,260000,360,6.5,78,32,0,745,10,27,0,0,1,16,58000,0,0,0,9,88000,2400,1,1,0.32727272727272727,0.0,0.0,0.0,0.0,0.0,0.0,0.0,0.0,0.0,0.0,0.0,0,1,0,0,1,0,1,0,0,1,0,0,0,0,1,0,0,0,0,0,0,0,1,0,0,0,1,0
L0341,430000,360,5.875,71,30,0,770,12,22,0,0,1,19,76000,0,0,0,14,122000,3100,1,1,0.30491803278688523,0.0,0.0,0.0,0.0,0.0,0.0,0.0,0.0,0.0,0.0,0.0,0,0,1,0,1,0,1,0,1,0,0,0,0,0,0,1,0,0,0,0,0,0,0,1,0,0,0,1
L0342,205000,180,7.0,89,49,1,620,4,74,0,3,5,4,18000,0,1,1,2,46000,3900,1,0,1.017391304347826,0.0,0.0,0.0,0.0,0.0,0.0,0.0,0.0,0.0,0.0,0.0,1,0,0,0,1,0,1,0,0,1,0,0,1,0,0,0,0,0,0,0,0,1,0,0,0,1,0,0
L0343,325000,360,6.375,84,38,0,745,10,27,0,0,1,16,57000,0,0,0,10,105000,3300,1,1,0.37714285714285717,0.0,0.0,0.0,0.0,0.0,0.0,0.0,0.0,0.0,0.0,0.0,0,1,0,0,1,0,1,0,0,1,0,0,0,0,1,0,0,0,0,0,0,0,0,1,0,0,0,1
L0344,280000,360,6.5,79,34,0,730,9,31,0,0,2,13,49000,0,0,0,9,90000,2500,1,1,0.3333333333333333,0.0,0.0,0.0,0.0,0.0,0.0,0.0,0.0,0.0,0.0,0.0,0,1,0,1,0,0,1,0,0,1,0,0,0,0,1,0,0,0,0,0,0,0,1,0,0,0,1,0
L0345,450000,360,5.875,70,27,0,780,13,20,0,0,0,21,86000,0,0,0,16,155000,3600,1,1,0.2787096774193548,0.0,0.0,0.0,0.0,0.0,0.0,0.0,0.0,0.0,0.0,0.0,0,0,1,0,1,0,1,0,0,1,0,0,0,0,0,1,0,0,0,0,0,0,0,1,0,0,0,1
L0346,175000,240,7.25,87,47,1,630,5,67,0,2,4,5,23000,0,1,1,3,52000,3600,0,0,0.8307692307692308,0.0,0.0,0.0,0.0,0.0,0.0,0.0,0.0,0.0,0.0,0.0,1,0,0,0,0,1,0,1,0,0,1,0,1,0,0,0,0,0,0,0,0,1,0,0,0,1,0,0
L0347,360000,360,6.25,82,37,0,740,10,28,0,0,1,15,56000,0,0,0,10,105000,3200,1,1,0.3657142857142857,0.0,0.0,0.0,0.0,0.0,0.0,0.0,0.0,0.0,0.0,0.0,0,1,0,0,1,0,1,0,0,1,0,0,0,0,1,0,0,0,0,0,0,0,0,1,0,0,0,1
L0348,255000,360,6.5,77,33,0,750,11,26,0,0,1,17,62000,0,0,0,9,92000,2500,1,1,0.32608695652173914,0.0,0.0,0.0,0.0,0.0,0.0,0.0,0.0,0.0,0.0,0.0,0,1,0,0,1,0,1,0,0,1,0,0,0,0,0,1,0,0,0,0,0,0,1,0,0,0,1,0
L0349,415000,360,6.0,73,29,0,765,12,23,0,0,1,19,73000,0,0,0,14,120000,2900,1,1,0.29,0.0,0.0,0.0,0.0,0.0,0.0,0.0,0.0,0.0,0.0,0.0,0,0,1,0,1,0,1,0,1,0,0,0,0,0,0,1,0,0,0,0,0,0,0,1,0,0,0,1
L0350,190000,360,6.875,90,50,1,610,4,77,0,3,5,4,17000,0,1,1,1,40000,4200,1,0,1.26,0.0,0.0,0.0,0.0,0.0,0.0,0.0,0.0,0.0,0.0,0.0,0,1,0,1,0,0,1,0,0,1,0,0,1,0,0,0,0,0,0,0,0,1,0,0,1,0,0,0
L0351,335000,360,6.375,80,35,0,735,9,30,0,0,2,14,51000,0,0,0,10,102000,2900,1,1,0.3411764705882353,0.0,0.0,0.0,0.0,0.0,0.0,0.0,0.0,0.0,0.0,0.0,0,1,0,0,0,1,1,0,0,1,0,0,0,0,1,0,0,0,0,0,0,0,0,1,0,0,0,1
L0352,285000,360,6.5,78,32,0,745,10,27,0,0,1,16,57000,0,0,0,9,88000,2400,1,1,0.32727272727272727,0.0,0.0,0.0,0.0,0.0,0.0,0.0,0.0,0.0,0.0,0.0,0,1,0,0,1,0,1,0,0,1,0,0,0,0,1,0,0,0,0,0,0,0,1,0,0,0,1,0
L0353,445000,360,5.875,71,30,0,790,14,18,0,0,0,22,92000,0,0,0,18,178000,4400,1,1,0.2966292134831461,0.0,0.0,0.0,0.0,0.0,0.0,0.0,0.0,0.0,0.0,0.0,0,0,1,0,1,0,1,0,0,1,0,0,0,0,0,1,0,0,0,0,0,0,0,1,0,0,0,1
L0354,200000,180,7.0,94,54,1,595,3,85,1,5,6,2,13000,1,1,1,1,34000,4200,1,0,1.4823529411764707,0.0,0.0,0.0,0.0,0.0,0.0,0.0,0.0,0.0,0.0,0.0,1,0,0,0,1,0,1,0,0,1,0,1,0,0,0,0,0,0,0,0,1,0,0,0,1,0,0,0
L0355,310000,360,6.5,84,38,0,740,10,28,0,0,1,15,55000,0,0,0,10,105000,3300,1,1,0.37714285714285717,0.0,0.0,0.0,0.0,0.0,0.0,0.0,0.0,0.0,0.0,0.0,0,1,0,0,1,0,1,0,0,1,0,0,0,0,1,0,0,0,0,0,0,0,0,1,0,0,0,1
L0356,265000,360,6.5,79,34,0,730,9,31,0,0,2,13,49000,0,0,0,9,90000,2500,1,1,0.3333333333333333,0.0,0.0,0.0,0.0,0.0,0.0,0.0,0.0,0.0,0.0,0.0,0,1,0,1,0,0,1,0,0,1,0,0,0,0,1,0,0,0,0,0,0,0,1,0,0,0,1,0
L0357,420000,360,5.875,70,27,0,780,13,20,0,0,0,21,87000,0,0,0,13,118000,2700,1,1,0.2745762711864407,0.0,0.0,0.0,0.0,0.0,0.0,0.0,0.0,0.0,0.0,0.0,0,0,1,0,1,0,1,0,1,0,0,0,0,0,0,1,0,0,0,0,0,0,0,1,0,0,0,1
L0358,185000,240,7.125,88,48,1,625,4,72,0,3,5,5,20000,0,1,1,2,50000,3800,1,0,0.912,0.0,0.0,0.0,0.0,0.0,0.0,0.0,0.0,0.0,0.0,0.0,1,0,0,0,0,1,1,0,0,1,0,0,1,0,0,0,0,0,0,0,0,1,0,0,0,1,0,0
L0359,355000,360,6.25,81,36,0,745,10,27,0,0,1,16,58000,0,0,0,10,102000,3000,1,1,0.35294117647058826,0.0,0.0,0.0,0.0,0.0,0.0,0.0,0.0,0.0,0.0,0.0,0,1,0,0,1,0,1,0,0,1,0,0,0,0,1,0,0,0,0,0,0,0,0,1,0,0,0,1
L0360,250000,360,6.5,77,33,0,750,11,26,0,0,1,17,63000,0,0,0,9,92000,2500,1,1,0.32608695652173914,0.0,0.0,0.0,0.0,0.0,0.0,0.0,0.0,0.0,0.0,0.0,0,1,0,0,1,0,1,0,0,1,0,0,0,0,0,1,0,0,0,0,0,0,1,0,0,0,1,0
L0361,405000,360,6.0,74,29,0,775,13,21,0,0,0,20,84000,0,0,0,15,152000,3700,1,1,0.29210526315789476,0.0,0.0,0.0,0.0,0.0,0.0,0.0,0.0,0.0,0.0,0.0,0,0,1,0,1,0,1,0,1,0,0,0,0,0,0,1,0,0,0,0,0,0,0,1,0,0,0,1
L0362,195000,360,6.875,91,51,1,605,3,82,1,4,6,3,15000,1,1,1,1,38000,4200,1,0,1.3263157894736841,0.0,0.0,0.0,0.0,0.0,0.0,0.0,0.0,0.0,0.0,0.0,0,1,0,1,0,0,1,0,0,1,0,0,1,0,0,0,0,0,0,0,0,1,0,0,1,0,0,0
L0363,340000,360,6.375,80,35,0,735,9,30,0,0,2,13,50000,0,0,0,10,98000,2800,1,1,0.34285714285714286,0.0,0.0,0.0,0.0,0.0,0.0,0.0,0.0,0.0,0.0,0.0,0,1,0,0,0,1,1,0,0,1,0,0,0,0,1,0,0,0,0,0,0,0,1,0,0,0,0,1
L0364,275000,360,6.5,78,32,0,745,10,27,0,0,1,16,57000,0,0,0,9,88000,2400,1,1,0.32727272727272727,0.0,0.0,0.0,0.0,0.0,0.0,0.0,0.0,0.0,0.0,0.0,0,1,0,0,1,0,1,0,0,1,0,0,0,0,1,0,0,0,0,0,0,0,1,0,0,0,1,0
L0365,455000,360,5.875,71,30,0,785,13,19,0,0,0,21,88000,0,0,0,17,168000,4200,1,1,0.3,0.0,0.0,0.0,0.0,0.0,0.0,0.0,0.0,0.0,0.0,0.0,0,0,1,0,1,0,1,0,0,1,0,0,0,0,0,1,0,0,0,0,0,0,0,1,0,0,0,1
L0366,180000,180,7.0,87,47,1,640,5,66,0,2,4,6,24000,0,1,1,3,55000,3700,0,0,0.8072727272727273,0.0,0.0,0.0,0.0,0.0,0.0,0.0,0.0,0.0,0.0,0.0,1,0,0,0,1,0,0,1,0,0,1,0,1,0,0,0,0,0,0,0,0,1,0,0,0,1,0,0
L0367,315000,360,6.25,84,38,0,740,10,28,0,0,1,15,56000,0,0,0,10,105000,3300,1,1,0.37714285714285717,0.0,0.0,0.0,0.0,0.0,0.0,0.0,0.0,0.0,0.0,0.0,0,1,0,0,1,0,1,0,0,1,0,0,0,0,1,0,0,0,0,0,0,0,0,1,0,0,0,1
L0368,270000,360,6.5,79,34,0,730,9,31,0,0,2,13,49000,0,0,0,9,90000,2500,1,1,0.3333333333333333,0.0,0.0,0.0,0.0,0.0,0.0,0.0,0.0,0.0,0.0,0.0,0,1,0,1,0,0,1,0,0,1,0,0,0,0,1,0,0,0,0,0,0,0,1,0,0,0,1,0
L0369,430000,360,5.875,70,27,0,765,12,23,0,0,1,19,74000,0,0,0,14,120000,2900,1,1,0.29,0.0,0.0,0.0,0.0,0.0,0.0,0.0,0.0,0.0,0.0,0.0,0,0,1,0,1,0,1,0,1,0,0,0,0,0,0,1,0,0,0,0,0,0,0,1,0,0,0,1
L0370,205000,240,7.125,93,53,1,590,3,88,1,5,7,2,12000,1,1,1,1,36000,4200,1,0,1.4,0.0,0.0,0.0,0.0,0.0,0.0,0.0,0.0,0.0,0.0,0.0,1,0,0,0,0,1,1,0,0,1,0,1,0,0,0,0,0,0,0,0,0,1,0,0,1,0,0,0
L0371,365000,360,6.25,81,36,0,745,10,27,0,0,1,16,58000,0,0,0,10,102000,3000,1,1,0.35294117647058826,0.0,0.0,0.0,0.0,0.0,0.0,0.0,0.0,0.0,0.0,0.0,0,1,0,0,1,0,1,0,0,1,0,0,0,0,1,0,0,0,0,0,0,0,0,1,0,0,0,1
L0372,260000,360,6.5,77,33,0,750,11,26,0,0,1,17,62000,0,0,0,9,92000,2500,1,1,0.32608695652173914,0.0,0.0,0.0,0.0,0.0,0.0,0.0,0.0,0.0,0.0,0.0,0,1,0,0,1,0,1,0,0,1,0,0,0,0,0,1,0,0,0,0,0,0,1,0,0,0,1,0
L0373,400000,360,6.0,73,29,0,775,13,21,0,0,0,20,84000,0,0,0,15,155000,3800,1,1,0.29419354838709677,0.0,0.0,0.0,0.0,0.0,0.0,0.0,0.0,0.0,0.0,0.0,0,0,1,0,1,0,1,0,1,0,0,0,0,0,0,1,0,0,0,0,0,0,0,1,0,0,0,1
L0374,190000,360,6.875,89,49,1,610,4,77,0,3,5,4,17000,0,1,1,2,46000,3900,1,0,1.017391304347826,0.0,0.0,0.0,0.0,0.0,0.0,0.0,0.0,0.0,0.0,0.0,0,1,0,1,0,0,1,0,0,1,0,0,1,0,0,0,0,0,0,0,0,1,0,0,0,1,0,0
L0375,350000,360,6.375,80,35,0,735,9,30,0,0,2,13,50000,0,0,0,10,98000,2800,1,1,0.34285714285714286,0.0,0.0,0.0,0.0,0.0,0.0,0.0,0.0,0.0,0.0,0.0,0,1,0,0,0,1,1,0,0,1,0,0,0,0,1,0,0,0,0,0,0,0,1,0,0,0,0,1
L0376,285000,360,6.5,78,32,0,745,10,27,0,0,1,16,57000,0,0,0,9,88000,2400,1,1,0.32727272727272727,0.0,0.0,0.0,0.0,0.0,0.0,0.0,0.0,0.0,0.0,0.0,0,1,0,0,1,0,1,0,0,1,0,0,0,0,1,0,0,0,0,0,0,0,1,0,0,0,1,0
L0377,445000,360,5.875,71,30,0,780,13,20,0,0,0,21,87000,0,0,0,16,158000,3900,1,1,0.29620253164556964,0.0,0.0,0.0,0.0,0.0,0.0,0.0,0.0,0.0,0.0,0.0,0,0,1,0,1,0,1,0,0,1,0,0,0,0,0,1,0,0,0,0,0,0,0,1,0,0,0,1
L0378,175000,180,7.25,86,46,1,620,4,73,0,3,5,4,18000,0,1,1,2,50000,3800,1,0,0.912,0.0,0.0,0.0,0.0,0.0,0.0,0.0,0.0,0.0,0.0,0.0,1,0,0,0,1,0,1,0,0,1,0,0,1,0,0,0,0,0,0,0,0,1,0,0,0,1,0,0
L0379,325000,360,6.25,84,38,0,740,10,28,0,0,1,15,56000,0,0,0,10,105000,3300,1,1,0.37714285714285717,0.0,0.0,0.0,0.0,0.0,0.0,0.0,0.0,0.0,0.0,0.0,0,1,0,0,1,0,1,0,0,1,0,0,0,0,1,0,0,0,0,0,0,0,0,1,0,0,0,1
L0380,255000,360,6.5,79,34,0,730,9,31,0,0,2,13,49000,0,0,0,9,90000,2500,1,1,0.3333333333333333,0.0,0.0,0.0,0.0,0.0,0.0,0.0,0.0,0.0,0.0,0.0,0,1,0,1,0,0,1,0,0,1,0,0,0,0,1,0,0,0,0,0,0,0,1,0,0,0,1,0
L0381,410000,360,6.0,70,27,0,770,12,22,0,0,1,19,76000,0,0,0,13,118000,2700,1,1,0.2745762711864407,0.0,0.0,0.0,0.0,0.0,0.0,0.0,0.0,0.0,0.0,0.0,0,0,1,0,1,0,1,0,1,0,0,0,0,0,0,1,0,0,0,0,0,0,0,1,0,0,0,1
L0382,195000,360,6.875,92,52,1,600,3,84,1,4,6,3,14000,1,1,1,1,40000,4200,1,0,1.26,0.0,0.0,0.0,0.0,0.0,0.0,0.0,0.0,0.0,0.0,0.0,0,1,0,0,0,1,1,0,0,1,0,0,1,0,0,0,0,0,0,0,0,1,0,0,1,0,0,0
L0383,360000,360,6.375,80,35,0,745,10,27,0,0,1,16,58000,0,0,0,10,105000,3200,1,1,0.3657142857142857,0.0,0.0,0.0,0.0,0.0,0.0,0.0,0.0,0.0,0.0,0.0,0,1,0,0,1,0,1,0,0,1,0,0,0,0,1,0,0,0,0,0,0,0,0,1,0,0,0,1
L0384,280000,360,6.5,77,33,0,750,11,26,0,0,1,17,63000,0,0,0,9,88000,2400,1,1,0.32727272727272727,0.0,0.0,0.0,0.0,0.0,0.0,0.0,0.0,0.0,0.0,0.0,0,1,0,0,1,0,1,0,0,1,0,0,0,0,0,1,0,0,0,0,0,0,1,0,0,0,1,0
L0385,455000,360,5.875,74,29,0,790,14,18,0,0,0,22,93000,0,0,0,18,178000,4400,1,1,0.2966292134831461,0.0,0.0,0.0,0.0,0.0,0.0,0.0,0.0,0.0,0.0,0.0,0,0,1,0,1,0,1,0,0,1,0,0,0,0,0,1,0,0,0,0,0,0,0,1,0,0,0,1
L0386,200000,180,7.0,88,48,1,630,5,68,0,2,4,5,22000,0,1,1,3,52000,3600,0,0,0.8307692307692308,0.0,0.0,0.0,0.0,0.0,0.0,0.0,0.0,0.0,0.0,0.0,1,0,0,1,0,0,0,1,0,0,1,0,1,0,0,0,0,0,0,0,0,1,0,0,0,1,0,0
L0387,330000,360,6.25,81,36,0,735,9,30,0,0,2,14,51000,0,0,0,10,98000,2800,1,1,0.34285714285714286,0.0,0.0,0.0,0.0,0.0,0.0,0.0,0.0,0.0,0.0,0.0,0,1,0,0,0,1,1,0,0,1,0,0,0,0,1,0,0,0,0,0,0,0,1,0,0,0,0,1
L0388,265000,360,6.5,78,32,0,745,10,27,0,0,1,16,57000,0,0,0,9,92000,2500,1,1,0.32608695652173914,0.0,0.0,0.0,0.0,0.0,0.0,0.0,0.0,0.0,0.0,0.0,0,1,0,0,1,0,1,0,0,1,0,0,0,0,1,0,0,0,0,0,0,0,1,0,0,0,1,0
L0389,425000,360,5.875,71,30,0,765,12,23,0,0,1,19,73000,0,0,0,14,122000,3100,1,1,0.30491803278688523,0.0,0.0,0.0,0.0,0.0,0.0,0.0,0.0,0.0,0.0,0.0,0,0,1,0,1,0,1,0,1,0,0,0,0,0,0,1,0,0,0,0,0,0,0,1,0,0,0,1
L0390,185000,240,7.125,90,50,1,615,4,75,0,3,5,4,19000,0,1,1,2,48000,4000,1,0,1.0,0.0,0.0,0.0,0.0,0.0,0.0,0.0,0.0,0.0,0.0,0.0,1,0,0,0,1,0,1,0,0,1,0,0,1,0,0,0,0,0,0,0,0,1,0,0,0,1,0,0
L0391,355000,360,6.375,84,38,0,740,10,28,0,0,1,15,55000,0,0,0,10,105000,3300,1,1,0.37714285714285717,0.0,0.0,0.0,0.0,0.0,0.0,0.0,0.0,0.0,0.0,0.0,0,1,0,0,1,0,1,0,0,1,0,0,0,0,1,0,0,0,0,0,0,0,0,1,0,0,0,1
L0392,295000,360,6.5,79,34,0,730,9,31,0,0,2,13,49000,0,0,0,9,95000,2700,1,1,0.3410526315789474,0.0,0.0,0.0,0.0,0.0,0.0,0.0,0.0,0.0,0.0,0.0,0,1,0,1,0,0,1,0,0,1,0,0,0,0,1,0,0,0,0,0,0,0,1,0,0,0,1,0
L0393,450000,360,5.875,70,27,0,780,13,20,0,0,0,21,86000,0,0,0,16,155000,3600,1,1,0.2787096774193548,0.0,0.0,0.0,0.0,0.0,0.0,0.0,0.0,0.0,0.0,0.0,0,0,1,0,1,0,1,0,0,1,0,0,0,0,0,1,0,0,0,0,0,0,0,1,0,0,0,1
L0394,205000,360,6.75,91,51,1,595,3,86,1,5,6,2,13000,1,1,1,1,38000,4200,1,0,1.3263157894736841,0.0,0.0,0.0,0.0,0.0,0.0,0.0,0.0,0.0,0.0,0.0,0,1,0,0,0,1,1,0,0,1,0,1,0,0,0,0,0,0,0,0,0,1,0,0,1,0,0,0
L0395,340000,360,6.25,80,35,0,745,10,27,0,0,1,16,58000,0,0,0,10,105000,3200,1,1,0.3657142857142857,0.0,0.0,0.0,0.0,0.0,0.0,0.0,0.0,0.0,0.0,0.0,0,1,0,0,1,0,1,0,0,1,0,0,0,0,1,0,0,0,0,0,0,0,0,1,0,0,0,1
L0396,270000,360,6.5,77,33,0,750,11,26,0,0,1,17,62000,0,0,0,9,88000,2400,1,1,0.32727272727272727,0.0,0.0,0.0,0.0,0.0,0.0,0.0,0.0,0.0,0.0,0.0,0,1,0,0,1,0,1,0,0,1,0,0,0,0,0,1,0,0,0,0,0,0,1,0,0,0,1,0
L0397,415000,360,6.0,73,29,0,775,13,21,0,0,0,20,84000,0,0,0,15,152000,3700,1,1,0.29210526315789476,0.0,0.0,0.0,0.0,0.0,0.0,0.0,0.0,0.0,0.0,0.0,0,0,1,0,1,0,1,0,1,0,0,0,0,0,0,1,0,0,0,0,0,0,0,1,0,0,0,1
L0398,190000,180,7.0,87,47,1,625,4,71,0,3,5,5,21000,0,1,1,2,52000,3800,1,0,0.8769230769230769,0.0,0.0,0.0,0.0,0.0,0.0,0.0,0.0,0.0,0.0,0.0,1,0,0,1,0,0,1,0,0,1,0,0,1,0,0,0,0,0,0,0,0,1,0,0,0,1,0,0
L0399,365000,360,6.375,82,37,0,735,9,30,0,0,2,14,52000,0,0,0,10,102000,3000,1,1,0.35294117647058826,0.0,0.0,0.0,0.0,0.0,0.0,0.0,0.0,0.0,0.0,0.0,0,1,0,0,1,0,1,0,0,1,0,0,0,0,1,0,0,0,0,0,0,0,0,1,0,0,0,1
L0400,260000,360,6.5,78,32,0,745,10,27,0,0,1,16,57000,0,0,0,9,88000,2400,1,1,0.32727272727272727,0.0,0.0,0.0,0.0,0.0,0.0,0.0,0.0,0.0,0.0,0.0,0,1,0,0,1,0,1,0,0,1,0,0,0,0,1,0,0,0,0,0,0,0,1,0,0,0,1,0
L0401,440000,360,5.875,70,27,0,770,12,22,0,0,1,19,76000,0,0,0,14,120000,2900,1,1,0.29,0.0,0.0,0.0,0.0,0.0,0.0,0.0,0.0,0.0,0.0,0.0,0,0,1,0,0,1,1,0,1,0,0,0,0,0,0,1,0,0,0,0,0,0,0,1,0,0,0,1
L0402,195000,240,7.25,93,53,1,605,3,83,1,4,6,3,15000,1,1,1,1,36000,4100,1,0,1.3666666666666667,0.0,0.0,0.0,0.0,0.0,0.0,0.0,0.0,0.0,0.0,0.0,1,0,0,0,1,0,1,0,0,1,0,0,1,0,0,0,0,0,0,0,0,1,0,0,1,0,0,0
L0403,315000,360,6.25,84,38,0,740,10,28,0,0,1,15,56000,0,0,0,10,105000,3300,1,1,0.37714285714285717,0.0,0.0,0.0,0.0,0.0,0.0,0.0,0.0,0.0,0.0,0.0,0,1,0,0,1,0,1,0,0,1,0,0,0,0,1,0,0,0,0,0,0,0,0,1,0,0,0,1
L0404,280000,360,6.5,79,34,0,730,9,31,0,0,2,13,49000,0,0,0,9,90000,2500,1,1,0.3333333333333333,0.0,0.0,0.0,0.0,0.0,0.0,0.0,0.0,0.0,0.0,0.0,0,1,0,1,0,0,1,0,0,1,0,0,0,0,1,0,0,0,0,0,0,0,1,0,0,0,1,0
L0405,455000,360,5.875,71,30,0,785,13,19,0,0,0,21,88000,0,0,0,17,165000,4100,1,1,0.29818181818181816,0.0,0.0,0.0,0.0,0.0,0.0,0.0,0.0,0.0,0.0,0.0,0,0,1,0,1,0,1,0,0,1,0,0,0,0,0,1,0,0,0,0,0,0,0,1,0,0,0,1
L0406,180000,360,6.875,89,49,1,610,4,78,0,3,5,4,17000,0,1,1,2,46000,3900,1,0,1.017391304347826,0.0,0.0,0.0,0.0,0.0,0.0,0.0,0.0,0.0,0.0,0.0,0,1,0,0,1,0,1,0,0,1,0,0,1,0,0,0,0,0,0,0,0,1,0,0,0,1,0,0
L0407,350000,360,6.375,80,35,0,745,10,27,0,0,1,16,58000,0,0,0,10,105000,3200,1,1,0.3657142857142857,0.0,0.0,0.0,0.0,0.0,0.0,0.0,0.0,0.0,0.0,0.0,0,1,0,0,0,1,1,0,0,1,0,0,0,0,1,0,0,0,0,0,0,0,0,1,0,0,0,1
L0408,255000,360,6.5,77,33,0,750,11,26,0,0,1,17,63000,0,0,0,9,92000,2500,1,1,0.32608695652173914,0.0,0.0,0.0,0.0,0.0,0.0,0.0,0.0,0.0,0.0,0.0,0,1,0,0,1,0,1,0,0,1,0,0,0,0,0,1,0,0,0,0,0,0,1,0,0,0,1,0
L0409,420000,360,5.875,74,29,0,780,13,20,0,0,0,21,87000,0,0,0,16,158000,3900,1,1,0.29620253164556964,0.0,0.0,0.0,0.0,0.0,0.0,0.0,0.0,0.0,0.0,0.0,0,0,1,0,1,0,1,0,1,0,0,0,0,0,0,1,0,0,0,0,0,0,0,1,0,0,0,1
L0410,200000,180,7.0,86,46,1,635,5,66,0,2,4,5,24000,0,1,1,3,55000,3700,0,0,0.8072727272727273,0.0,0.0,0.0,0.0,0.0,0.0,0.0,0.0,0.0,0.0,0.0,1,0,0,1,0,0,0,1,0,0,1,0,1,0,0,0,0,0,0,0,0,1,0,0,0,1,0,0
L0411,330000,360,6.25,81,36,0,735,9,30,0,0,2,13,50000,0,0,0,10,98000,2800,1,1,0.34285714285714286,0.0,0.0,0.0,0.0,0.0,0.0,0.0,0.0,0.0,0.0,0.0,0,1,0,0,1,0,1,0,0,1,0,0,0,0,1,0,0,0,0,0,0,0,1,0,0,0,0,1
L0412,275000,360,6.5,78,32,0,745,10,27,0,0,1,16,57000,0,0,0,9,92000,2500,1,1,0.32608695652173914,0.0,0.0,0.0,0.0,0.0,0.0,0.0,0.0,0.0,0.0,0.0,0,1,0,0,1,0,1,0,0,1,0,0,0,0,1,0,0,0,0,0,0,0,1,0,0,0,1,0
L0413,450000,360,5.875,70,27,0,770,12,22,0,0,1,19,76000,0,0,0,15,152000,3700,1,1,0.29210526315789476,0.0,0.0,0.0,0.0,0.0,0.0,0.0,0.0,0.0,0.0,0.0,0,0,1,0,1,0,1,0,1,0,0,0,0,0,0,1,0,0,0,0,0,0,0,1,0,0,0,1
L0414,185000,360,6.875,92,52,1,595,3,85,1,5,6,2,13000,1,1,1,1,38000,4200,1,0,1.3263157894736841,0.0,0.0,0.0,0.0,0.0,0.0,0.0,0.0,0.0,0.0,0.0,0,1,0,0,0,1,1,0,0,1,0,1,0,0,0,0,0,0,0,0,0,1,0,0,1,0,0,0
L0415,360000,360,6.375,80,35,0,740,10,28,0,0,1,15,55000,0,0,0,10,102000,2900,1,1,0.3411764705882353,0.0,0.0,0.0,0.0,0.0,0.0,0.0,0.0,0.0,0.0,0.0,0,1,0,0,1,0,1,0,0,1,0,0,0,0,1,0,0,0,0,0,0,0,0,1,0,0,0,1
L0416,250000,360,6.5,77,33,0,730,9,31,0,0,2,13,49000,0,0,0,9,90000,2500,1,1,0.3333333333333333,0.0,0.0,0.0,0.0,0.0,0.0,0.0,0.0,0.0,0.0,0.0,0,1,0,1,0,0,1,0,0,1,0,0,0,0,1,0,0,0,0,0,0,0,1,0,0,0,1,0
L0417,415000,360,6.0,73,29,0,775,13,21,0,0,0,20,84000,0,0,0,15,148000,3600,1,1,0.2918918918918919,0.0,0.0,0.0,0.0,0.0,0.0,0.0,0.0,0.0,0.0,0.0,0,0,1,0,1,0,1,0,1,0,0,0,0,0,0,1,0,0,0,0,0,0,0,1,0,0,0,1
L0418,195000,180,7.125,88,48,1,620,4,74,0,3,5,4,18000,0,1,1,2,50000,3800,1,0,0.912,0.0,0.0,0.0,0.0,0.0,0.0,0.0,0.0,0.0,0.0,0.0,1,0,0,0,1,0,1,0,0,1,0,0,1,0,0,0,0,0,0,0,0,1,0,0,0,1,0,0
L0419,340000,360,6.25,84,38,0,745,10,27,0,0,1,16,58000,0,0,0,10,105000,3300,1,1,0.37714285714285717,0.0,0.0,0.0,0.0,0.0,0.0,0.0,0.0,0.0,0.0,0.0,0,1,0,0,0,1,1,0,0,1,0,0,0,0,1,0,0,0,0,0,0,0,0,1,0,0,0,1
L0420,285000,360,6.5,79,34,0,735,9,30,0,0,2,14,52000,0,0,0,9,95000,2700,1,1,0.3410526315789474,0.0,0.0,0.0,0.0,0.0,0.0,0.0,0.0,0.0,0.0,0.0,0,1,0,0,1,0,1,0,0,1,0,0,0,0,1,0,0,0,0,0,0,0,1,0,0,0,1,0
L0421,455000,360,5.875,71,30,0,790,14,18,0,0,0,22,92000,0,0,0,17,168000,4200,1,1,0.3,0.0,0.0,0.0,0.0,0.0,0.0,0.0,0.0,0.0,0.0,0.0,0,0,1,0,1,0,1,0,0,1,0,0,0,0,0,1,0,0,0,0,0,0,0,1,0,0,0,1
L0422,175000,240,7.25,87,47,1,640,5,65,0,2,4,6,25000,0,1,1,3,52000,3600,0,0,0.8307692307692308,0.0,0.0,0.0,0.0,0.0,0.0,0.0,0.0,0.0,0.0,0.0,1,0,0,1,0,0,0,1,0,0,1,0,1,0,0,0,0,0,0,0,0,1,0,0,0,1,0,0
L0423,320000,360,6.375,80,35,0,740,10,28,0,0,1,15,56000,0,0,0,10,102000,2900,1,1,0.3411764705882353,0.0,0.0,0.0,0.0,0.0,0.0,0.0,0.0,0.0,0.0,0.0,0,1,0,0,1,0,1,0,0,1,0,0,0,0,1,0,0,0,0,0,0,0,0,1,0,0,0,1
L0424,265000,360,6.5,78,32,0,750,11,26,0,0,1,17,62000,0,0,0,9,88000,2400,1,1,0.32727272727272727,0.0,0.0,0.0,0.0,0.0,0.0,0.0,0.0,0.0,0.0,0.0,0,1,0,0,1,0,1,0,0,1,0,0,0,0,0,1,0,0,0,0,0,0,1,0,0,0,1,0
L0425,430000,360,5.875,70,27,0,765,12,23,0,0,1,19,73000,0,0,0,13,118000,2700,1,1,0.2745762711864407,0.0,0.0,0.0,0.0,0.0,0.0,0.0,0.0,0.0,0.0,0.0,0,0,1,0,1,0,1,0,1,0,0,0,0,0,0,1,0,0,0,0,0,0,0,1,0,0,0,1
L0426,200000,360,6.75,91,51,1,600,3,84,1,4,6,3,14000,1,1,1,1,40000,4200,1,0,1.26,0.0,0.0,0.0,0.0,0.0,0.0,0.0,0.0,0.0,0.0,0.0,0,1,0,0,0,1,1,0,0,1,0,0,1,0,0,0,0,0,0,0,0,1,0,0,1,0,0,0
L0427,355000,360,6.25,84,38,0,745,10,27,0,0,1,16,57000,0,0,0,10,105000,3300,1,1,0.37714285714285717,0.0,0.0,0.0,0.0,0.0,0.0,0.0,0.0,0.0,0.0,0.0,0,1,0,0,1,0,1,0,0,1,0,0,0,0,1,0,0,0,0,0,0,0,0,1,0,0,0,1
L0428,280000,360,6.5,79,34,0,730,9,31,0,0,2,13,49000,0,0,0,9,90000,2500,1,1,0.3333333333333333,0.0,0.0,0.0,0.0,0.0,0.0,0.0,0.0,0.0,0.0,0.0,0,1,0,1,0,0,1,0,0,1,0,0,0,0,1,0,0,0,0,0,0,0,1,0,0,0,1,0
L0429,445000,360,5.875,73,29,0,780,13,20,0,0,0,21,86000,0,0,0,15,155000,3800,1,1,0.29419354838709677,0.0,0.0,0.0,0.0,0.0,0.0,0.0,0.0,0.0,0.0,0.0,0,0,1,0,1,0,1,0,1,0,0,0,0,0,0,1,0,0,0,0,0,0,0,1,0,0,0,1
L0430,190000,180,7.0,89,49,1,610,4,77,0,3,5,4,17000,0,1,1,2,46000,3900,1,0,1.017391304347826,0.0,0.0,0.0,0.0,0.0,0.0,0.0,0.0,0.0,0.0,0.0,1,0,0,0,1,0,1,0,0,1,0,0,1,0,0,0,0,0,0,0,0,1,0,0,0,1,0,0
L0431,325000,360,6.375,80,35,0,735,9,30,0,0,2,13,50000,0,0,0,10,102000,2900,1,1,0.3411764705882353,0.0,0.0,0.0,0.0,0.0,0.0,0.0,0.0,0.0,0.0,0.0,0,1,0,0,0,1,1,0,0,1,0,0,0,0,1,0,0,0,0,0,0,0,0,1,0,0,0,1
L0432,270000,360,6.5,77,33,0,750,11,26,0,0,1,17,63000,0,0,0,9,92000,2500,1,1,0.32608695652173914,0.0,0.0,0.0,0.0,0.0,0.0,0.0,0.0,0.0,0.0,0.0,0,1,0,0,1,0,1,0,0,1,0,0,0,0,0,1,0,0,0,0,0,0,1,0,0,0,1,0
L0433,410000,360,6.0,71,30,0,770,12,22,0,0,1,19,76000,0,0,0,14,122000,3100,1,1,0.30491803278688523,0.0,0.0,0.0,0.0,0.0,0.0,0.0,0.0,0.0,0.0,0.0,0,0,1,0,1,0,1,0,0,1,0,0,0,0,0,1,0,0,0,0,0,0,0,1,0,0,0,1
L0434,205000,240,7.125,86,46,1,625,4,72,0,3,5,5,20000,0,1,1,2,50000,3800,1,0,0.912,0.0,0.0,0.0,0.0,0.0,0.0,0.0,0.0,0.0,0.0,0.0,1,0,0,1,0,0,1,0,0,1,0,0,1,0,0,0,0,0,0,0,0,1,0,0,0,1,0,0
L0435,365000,360,6.25,84,38,0,745,10,27,0,0,1,16,58000,0,0,0,10,105000,3300,1,1,0.37714285714285717,0.0,0.0,0.0,0.0,0.0,0.0,0.0,0.0,0.0,0.0,0.0,0,1,0,0,1,0,1,0,0,1,0,0,0,0,1,0,0,0,0,0,0,0,0,1,0,0,0,1
L0436,295000,360,6.5,79,34,0,730,9,31,0,0,2,13,49000,0,0,0,9,95000,2700,1,1,0.3410526315789474,0.0,0.0,0.0,0.0,0.0,0.0,0.0,0.0,0.0,0.0,0.0,0,1,0,0,1,0,1,0,0,1,0,0,0,0,1,0,0,0,0,0,0,0,1,0,0,0,1,0
L0437,455000,360,5.875,70,27,0,785,13,19,0,0,0,21,88000,0,0,0,17,168000,4200,1,1,0.3,0.0,0.0,0.0,0.0,0.0,0.0,0.0,0.0,0.0,0.0,0.0,0,0,1,0,1,0,1,0,0,1,0,0,0,0,0,1,0,0,0,0,0,0,0,1,0,0,0,1
L0438,180000,360,6.875,93,53,1,590,3,87,1,5,7,2,12000,1,1,1,1,36000,4200,1,0,1.4,0.0,0.0,0.0,0.0,0.0,0.0,0.0,0.0,0.0,0.0,0.0,0,1,0,0,0,1,1,0,0,1,0,1,0,0,0,0,0,0,0,0,0,1,0,0,1,0,0,0
L0439,340000,360,6.375,80,35,0,740,10,28,0,0,1,15,55000,0,0,0,10,102000,2900,1,1,0.3411764705882353,0.0,0.0,0.0,0.0,0.0,0.0,0.0,0.0,0.0,0.0,0.0,0,1,0,0,1,0,1,0,0,1,0,0,0,0,1,0,0,0,0,0,0,0,0,1,0,0,0,1
L0440,260000,360,6.5,77,33,0,750,11,26,0,0,1,17,62000,0,0,0,9,88000,2400,1,1,0.32727272727272727,0.0,0.0,0.0,0.0,0.0,0.0,0.0,0.0,0.0,0.0,0.0,0,1,0,1,0,0,1,0,0,1,0,0,0,0,0,1,0,0,0,0,0,0,1,0,0,0,1,0
L0441,425000,360,5.875,74,29,0,775,13,21,0,0,0,20,84000,0,0,0,15,152000,3700,1,1,0.29210526315789476,0.0,0.0,0.0,0.0,0.0,0.0,0.0,0.0,0.0,0.0,0.0,0,0,1,0,1,0,1,0,1,0,0,0,0,0,0,1,0,0,0,0,0,0,0,1,0,0,0,1
L0442,195000,180,7.0,88,48,1,615,4,76,0,3,5,4,18000,0,1,1,2,48000,3700,0,0,0.925,0.0,0.0,0.0,0.0,0.0,0.0,0.0,0.0,0.0,0.0,0.0,1,0,0,0,1,0,0,1,0,0,1,0,1,0,0,0,0,0,0,0,0,1,0,0,0,1,0,0
L0443,375000,360,6.25,81,36,0,735,9,30,0,0,2,14,51000,0,0,0,10,102000,3000,1,1,0.35294117647058826,0.0,0.0,0.0,0.0,0.0,0.0,0.0,0.0,0.0,0.0,0.0,0,1,0,0,0,1,1,0,0,1,0,0,0,0,1,0,0,0,0,0,0,0,0,1,0,0,0,1
L0444,285000,360,6.5,78,32,0,745,10,27,0,0,1,16,57000,0,0,0,9,88000,2400,1,1,0.32727272727272727,0.0,0.0,0.0,0.0,0.0,0.0,0.0,0.0,0.0,0.0,0.0,0,1,0,0,1,0,1,0,0,1,0,0,0,0,1,0,0,0,0,0,0,0,1,0,0,0,1,0
L0445,445000,360,5.875,71,30,0,780,13,20,0,0,0,21,87000,0,0,0,16,158000,3900,1,1,0.29620253164556964,0.0,0.0,0.0,0.0,0.0,0.0,0.0,0.0,0.0,0.0,0.0,0,0,1,0,1,0,1,0,0,1,0,0,0,0,0,1,0,0,0,0,0,0,0,1,0,0,0,1
L0446,200000,360,6.75,90,50,1,605,3,82,1,4,6,3,15000,1,1,1,1,40000,4200,1,0,1.26,0.0,0.0,0.0,0.0,0.0,0.0,0.0,0.0,0.0,0.0,0.0,0,1,0,1,0,0,1,0,0,1,0,0,1,0,0,0,0,0,0,0,0,1,0,0,1,0,0,0
L0447,330000,360,6.375,84,38,0,740,10,28,0,0,1,15,56000,0,0,0,10,105000,3300,1,1,0.37714285714285717,0.0,0.0,0.0,0.0,0.0,0.0,0.0,0.0,0.0,0.0,0.0,0,1,0,0,1,0,1,0,0,1,0,0,0,0,1,0,0,0,0,0,0,0,0,1,0,0,0,1
L0448,270000,360,6.5,79,34,0,730,9,31,0,0,2,13,49000,0,0,0,9,90000,2500,1,1,0.3333333333333333,0.0,0.0,0.0,0.0,0.0,0.0,0.0,0.0,0.0,0.0,0.0,0,1,0,0,1,0,1,0,0,1,0,0,0,0,1,0,0,0,0,0,0,0,1,0,0,0,1,0
L0449,420000,360,5.875,70,27,0,770,12,22,0,0,1,19,76000,0,0,0,14,120000,2900,1,1,0.29,0.0,0.0,0.0,0.0,0.0,0.0,0.0,0.0,0.0,0.0,0.0,0,0,1,0,1,0,1,0,1,0,0,0,0,0,0,1,0,0,0,0,0,0,0,1,0,0,0,1
L0450,185000,180,7.125,87,47,1,630,5,67,0,2,4,5,23000,0,1,1,3,55000,3600,1,0,0.7854545454545454,0.0,0.0,0.0,0.0,0.0,0.0,0.0,0.0,0.0,0.0,0.0,1,0,0,0,0,1,1,0,0,1,0,0,1,0,0,0,0,0,0,0,0,1,0,0,0,1,0,0
L0451,360000,360,6.25,80,35,0,745,10,27,0,0,1,16,58000,0,0,0,10,105000,3200,1,1,0.3657142857142857,0.0,0.0,0.0,0.0,0.0,0.0,0.0,0.0,0.0,0.0,0.0,0,1,0,0,1,0,1,0,0,1,0,0,0,0,1,0,0,0,0,0,0,0,0,1,0,0,0,1
L0452,265000,360,6.5,77,33,0,750,11,26,0,0,1,17,63000,0,0,0,9,92000,2500,1,1,0.32608695652173914,0.0,0.0,0.0,0.0,0.0,0.0,0.0,0.0,0.0,0.0,0.0,0,1,0,1,0,0,1,0,0,1,0,0,0,0,0,1,0,0,0,0,0,0,1,0,0,0,1,0
L0453,455000,360,5.875,73,29,0,790,14,18,0,0,0,22,93000,0,0,0,18,178000,4400,1,1,0.2966292134831461,0.0,0.0,0.0,0.0,0.0,0.0,0.0,0.0,0.0,0.0,0.0,0,0,1,0,1,0,1,0,0,1,0,0,0,0,0,1,0,0,0,0,0,0,0,1,0,0,0,1
L0454,205000,240,7.0,92,52,1,600,3,84,1,4,6,3,14000,1,1,1,1,36000,4100,1,0,1.3666666666666667,0.0,0.0,0.0,0.0,0.0,0.0,0.0,0.0,0.0,0.0,0.0,1,0,0,0,1,0,1,0,0,1,0,0,1,0,0,0,0,0,0,0,0,1,0,0,1,0,0,0
L0455,340000,360,6.375,81,36,0,735,9,30,0,0,2,13,50000,0,0,0,10,102000,3000,1,1,0.35294117647058826,0.0,0.0,0.0,0.0,0.0,0.0,0.0,0.0,0.0,0.0,0.0,0,1,0,0,0,1,1,0,0,1,0,0,0,0,1,0,0,0,0,0,0,0,0,1,0,0,0,1
L0456,280000,360,6.5,78,32,0,745,10,27,0,0,1,16,57000,0,0,0,9,88000,2400,1,1,0.32727272727272727,0.0,0.0,0.0,0.0,0.0,0.0,0.0,0.0,0.0,0.0,0.0,0,1,0,0,1,0,1,0,0,1,0,0,0,0,1,0,0,0,0,0,0,0,1,0,0,0,1,0
L0457,430000,360,5.875,70,27,0,765,12,23,0,0,1,19,73000,0,0,0,14,122000,3100,1,1,0.30491803278688523,0.0,0.0,0.0,0.0,0.0,0.0,0.0,0.0,0.0,0.0,0.0,0,0,1,0,1,0,1,0,1,0,0,0,0,0,0,1,0,0,0,0,0,0,0,1,0,0,0,1
L0458,190000,360,6.875,89,49,1,610,4,78,0,3,5,4,17000,0,1,1,2,46000,3900,1,0,1.017391304347826,0.0,0.0,0.0,0.0,0.0,0.0,0.0,0.0,0.0,0.0,0.0,0,1,0,1,0,0,1,0,0,1,0,0,1,0,0,0,0,0,0,0,0,1,0,0,0,1,0,0
L0459,355000,360,6.25,84,38,0,740,10,28,0,0,1,15,55000,0,0,0,10,102000,2900,1,1,0.3411764705882353,0.0,0.0,0.0,0.0,0.0,0.0,0.0,0.0,0.0,0.0,0.0,0,1,0,0,1,0,1,0,0,1,0,0,0,0,1,0,0,0,0,0,0,0,0,1,0,0,0,1
L0460,260000,360,6.5,79,34,0,730,9,31,0,0,2,13,49000,0,0,0,9,90000,2500,1,1,0.3333333333333333,0.0,0.0,0.0,0.0,0.0,0.0,0.0,0.0,0.0,0.0,0.0,0,1,0,0,1,0,1,0,0,1,0,0,0,0,1,0,0,0,0,0,0,0,1,0,0,0,1,0
L0461,445000,360,5.875,71,30,0,780,13,20,0,0,0,21,86000,0,0,0,15,155000,3800,1,1,0.29419354838709677,0.0,0.0,0.0,0.0,0.0,0.0,0.0,0.0,0.0,0.0,0.0,0,0,1,0,0,1,1,0,1,0,0,0,0,0,0,1,0,0,0,0,0,0,0,1,0,0,0,1
L0462,175000,180,7.25,86,46,1,620,4,73,0,3,5,4,18000,0,1,1,2,50000,3800,0,0,0.912,0.0,0.0,0.0,0.0,0.0,0.0,0.0,0.0,0.0,0.0,0.0,1,0,0,0,1,0,0,1,0,0,1,0,1,0,0,0,0,0,0,0,0,1,0,0,0,1,0,0
L0463,320000,360,6.375,80,35,0,745,10,27,0,0,1,16,58000,0,0,0,10,102000,2900,1,1,0.3411764705882353,0.0,0.0,0.0,0.0,0.0,0.0,0.0,0.0,0.0,0.0,0.0,0,1,0,0,1,0,1,0,0,1,0,0,0,0,1,0,0,0,0,0,0,0,0,1,0,0,0,1
L0464,275000,360,6.5,77,33,0,750,11,26,0,0,1,17,62000,0,0,0,9,92000,2500,1,1,0.32608695652173914,0.0,0.0,0.0,0.0,0.0,0.0,0.0,0.0,0.0,0.0,0.0,0,1,0,1,0,0,1,0,0,1,0,0,0,0,0,1,0,0,0,0,0,0,1,0,0,0,1,0
L0465,410000,360,6.0,73,29,0,775,13,21,0,0,0,20,84000,0,0,0,15,148000,3600,1,1,0.2918918918918919,0.0,0.0,0.0,0.0,0.0,0.0,0.0,0.0,0.0,0.0,0.0,0,0,1,0,1,0,1,0,1,0,0,0,0,0,0,1,0,0,0,0,0,0,0,1,0,0,0,1
L0466,200000,360,6.75,93,53,1,595,3,86,1,5,6,2,13000,1,1,1,1,38000,4200,1,0,1.3263157894736841,0.0,0.0,0.0,0.0,0.0,0.0,0.0,0.0,0.0,0.0,0.0,0,1,0,0,0,1,1,0,0,1,0,1,0,0,0,0,0,0,0,0,0,1,0,0,1,0,0,0
L0467,350000,360,6.25,84,38,0,735,9,30,0,0,2,14,51000,0,0,0,10,98000,2800,1,1,0.34285714285714286,0.0,0.0,0.0,0.0,0.0,0.0,0.0,0.0,0.0,0.0,0.0,0,1,0,0,1,0,1,0,0,1,0,0,0,0,1,0,0,0,0,0,0,0,1,0,0,0,0,1
L0468,285000,360,6.5,79,34,0,745,10,27,0,0,1,16,57000,0,0,0,9,95000,2700,1,1,0.3410526315789474,0.0,0.0,0.0,0.0,0.0,0.0,0.0,0.0,0.0,0.0,0.0,0,1,0,0,1,0,1,0,0,1,0,0,0,0,1,0,0,0,0,0,0,0,1,0,0,0,1,0
L0469,455000,360,5.875,70,27,0,785,13,19,0,0,0,21,88000,0,0,0,17,168000,4200,1,1,0.3,0.0,0.0,0.0,0.0,0.0,0.0,0.0,0.0,0.0,0.0,0.0,0,0,1,0,1,0,1,0,0,1,0,0,0,0,0,1,0,0,0,0,0,0,0,1,0,0,0,1
L0470,185000,180,7.0,88,48,1,640,5,66,0,2,4,6,24000,0,1,1,3,55000,3600,1,0,0.7854545454545454,0.0,0.0,0.0,0.0,0.0,0.0,0.0,0.0,0.0,0.0,0.0,1,0,0,1,0,0,1,0,0,1,0,0,1,0,0,0,0,0,0,0,0,1,0,0,0,1,0,0
L0471,365000,360,6.375,81,36,0,740,10,28,0,0,1,15,56000,0,0,0,10,102000,3000,1,1,0.35294117647058826,0.0,0.0,0.0,0.0,0.0,0.0,0.0,0.0,0.0,0.0,0.0,0,1,0,0,0,1,1,0,0,1,0,0,0,0,1,0,0,0,0,0,0,0,0,1,0,0,0,1
L0472,265000,360,6.5,78,32,0,750,11,26,0,0,1,17,63000,0,0,0,9,88000,2400,1,1,0.32727272727272727,0.0,0.0,0.0,0.0,0.0,0.0,0.0,0.0,0.0,0.0,0.0,0,1,0,0,1,0,1,0,0,1,0,0,0,0,0,1,0,0,0,0,0,0,1,0,0,0,1,0
L0473,425000,360,5.875,71,30,0,770,12,22,0,0,1,19,76000,0,0,0,15,152000,3700,1,1,0.29210526315789476,0.0,0.0,0.0,0.0,0.0,0.0,0.0,0.0,0.0,0.0,0.0,0,0,1,0,1,0,1,0,1,0,0,0,0,0,0,1,0,0,0,0,0,0,0,1,0,0,0,1
L0474,195000,240,7.125,87,47,1,615,4,75,0,3,5,4,19000,0,1,1,2,48000,3800,1,0,0.95,0.0,0.0,0.0,0.0,0.0,0.0,0.0,0.0,0.0,0.0,0.0,1,0,0,0,1,0,1,0,0,1,0,0,1,0,0,0,0,0,0,0,0,1,0,0,0,1,0,0
L0475,335000,360,6.25,80,35,0,735,9,30,0,0,2,13,50000,0,0,0,10,98000,2800,1,1,0.34285714285714286,0.0,0.0,0.0,0.0,0.0,0.0,0.0,0.0,0.0,0.0,0.0,0,1,0,0,1,0,1,0,0,1,0,0,0,0,1,0,0,0,0,0,0,0,1,0,0,0,0,1
L0476,280000,360,6.5,79,34,0,730,9,31,0,0,2,13,49000,0,0,0,9,90000,2500,1,1,0.3333333333333333,0.0,0.0,0.0,0.0,0.0,0.0,0.0,0.0,0.0,0.0,0.0,0,1,0,1,0,0,1,0,0,1,0,0,0,0,1,0,0,0,0,0,0,0,1,0,0,0,1,0
L0477,450000,360,5.875,74,29,0,780,13,20,0,0,0,21,87000,0,0,0,16,158000,3900,1,1,0.29620253164556964,0.0,0.0,0.0,0.0,0.0,0.0,0.0,0.0,0.0,0.0,0.0,0,0,1,0,1,0,1,0,1,0,0,0,0,0,0,1,0,0,0,0,0,0,0,1,0,0,0,1
L0478,180000,360,6.875,91,51,1,605,3,83,1,4,6,3,15000,1,1,1,1,40000,4200,1,0,1.26,0.0,0.0,0.0,0.0,0.0,0.0,0.0,0.0,0.0,0.0,0.0,0,1,0,0,0,1,1,0,0,1,0,0,1,0,0,0,0,0,0,0,0,1,0,0,1,0,0,0
L0479,360000,360,6.375,84,38,0,745,10,27,0,0,1,16,58000,0,0,0,10,105000,3300,1,1,0.37714285714285717,0.0,0.0,0.0,0.0,0.0,0.0,0.0,0.0,0.0,0.0,0.0,0,1,0,0,1,0,1,0,0,1,0,0,0,0,1,0,0,0,0,0,0,0,0,1,0,0,0,1
L0480,270000,360,6.5,77,33,0,750,11,26,0,0,1,17,62000,0,0,0,9,92000,2500,1,1,0.32608695652173914,0.0,0.0,0.0,0.0,0.0,0.0,0.0,0.0,0.0,0.0,0.0,0,1,0,0,1,0,1,0,0,1,0,0,0,0,0,1,0,0,0,0,0,0,1,0,0,0,1,0
L0481,415000,360,6.0,70,27,0,765,12,23,0,0,1,19,73000,0,0,0,14,120000,2900,1,1,0.29,0.0,0.0,0.0,0.0,0.0,0.0,0.0,0.0,0.0,0.0,0.0,0,0,1,0,1,0,1,0,1,0,0,0,0,0,0,1,0,0,0,0,0,0,0,1,0,0,0,1
L0482,200000,180,7.0,89,49,1,610,4,77,0,3,5,4,17000,0,1,1,2,46000,3900,1,0,1.017391304347826,0.0,0.0,0.0,0.0,0.0,0.0,0.0,0.0,0.0,0.0,0.0,1,0,0,1,0,0,1,0,0,1,0,0,1,0,0,0,0,0,0,0,0,1,0,0,0,1,0,0
L0483,340000,360,6.25,80,35,0,735,9,30,0,0,2,13,50000,0,0,0,10,102000,2900,1,1,0.3411764705882353,0.0,0.0,0.0,0.0,0.0,0.0,0.0,0.0,0.0,0.0,0.0,0,1,0,0,0,1,1,0,0,1,0,0,0,0,1,0,0,0,0,0,0,0,0,1,0,0,0,1
L0484,285000,360,6.5,78,32,0,745,10,27,0,0,1,16,57000,0,0,0,9,88000,2400,1,1,0.32727272727272727,0.0,0.0,0.0,0.0,0.0,0.0,0.0,0.0,0.0,0.0,0.0,0,1,0,0,1,0,1,0,0,1,0,0,0,0,1,0,0,0,0,0,0,0,1,0,0,0,1,0
L0485,455000,360,5.875,73,29,0,790,14,18,0,0,0,22,92000,0,0,0,18,178000,4400,1,1,0.2966292134831461,0.0,0.0,0.0,0.0,0.0,0.0,0.0,0.0,0.0,0.0,0.0,0,0,1,0,1,0,1,0,0,1,0,0,0,0,0,1,0,0,0,0,0,0,0,1,0,0,0,1
L0486,175000,240,7.25,86,46,1,625,4,72,0,3,5,5,20000,0,1,1,2,50000,3800,0,0,0.912,0.0,0.0,0.0,0.0,0.0,0.0,0.0,0.0,0.0,0.0,0.0,1,0,0,0,1,0,0,1,0,0,1,0,1,0,0,0,0,0,0,0,0,1,0,0,0,1,0,0
L0487,325000,360,6.375,84,38,0,740,10,28,0,0,1,15,55000,0,0,0,10,105000,3300,1,1,0.37714285714285717,0.0,0.0,0.0,0.0,0.0,0.0,0.0,0.0,0.0,0.0,0.0,0,1,0,0,1,0,1,0,0,1,0,0,0,0,1,0,0,0,0,0,0,0,0,1,0,0,0,1
L0488,265000,360,6.5,79,34,0,730,9,31,0,0,2,13,49000,0,0,0,9,90000,2500,1,1,0.3333333333333333,0.0,0.0,0.0,0.0,0.0,0.0,0.0,0.0,0.0,0.0,0.0,0,1,0,1,0,0,1,0,0,1,0,0,0,0,1,0,0,0,0,0,0,0,1,0,0,0,1,0
L0489,430000,360,5.875,71,30,0,780,13,20,0,0,0,21,86000,0,0,0,14,122000,3100,1,1,0.30491803278688523,0.0,0.0,0.0,0.0,0.0,0.0,0.0,0.0,0.0,0.0,0.0,0,0,1,0,1,0,1,0,1,0,0,0,0,0,0,1,0,0,0,0,0,0,0,1,0,0,0,1
L0490,190000,360,6.875,92,52,1,595,3,85,1,5,6,2,13000,1,1,1,1,38000,4200,1,0,1.3263157894736841,0.0,0.0,0.0,0.0,0.0,0.0,0.0,0.0,0.0,0.0,0.0,0,1,0,0,0,1,1,0,0,1,0,1,0,0,0,0,0,0,0,0,0,1,0,0,1,0,0,0
L0491,355000,360,6.25,80,35,0,745,10,27,0,0,1,16,58000,0,0,0,10,102000,2900,1,1,0.3411764705882353,0.0,0.0,0.0,0.0,0.0,0.0,0.0,0.0,0.0,0.0,0.0,0,1,0,0,1,0,1,0,0,1,0,0,0,0,1,0,0,0,0,0,0,0,0,1,0,0,0,1
L0492,280000,360,6.5,77,33,0,750,11,26,0,0,1,17,63000,0,0,0,9,92000,2500,1,1,0.32608695652173914,0.0,0.0,0.0,0.0,0.0,0.0,0.0,0.0,0.0,0.0,0.0,0,1,0,0,1,0,1,0,0,1,0,0,0,0,0,1,0,0,0,0,0,0,1,0,0,0,1,0
L0493,445000,360,5.875,70,27,0,770,12,22,0,0,1,19,76000,0,0,0,15,155000,3800,1,1,0.29419354838709677,0.0,0.0,0.0,0.0,0.0,0.0,0.0,0.0,0.0,0.0,0.0,0,0,1,0,1,0,1,0,0,1,0,0,0,0,0,1,0,0,0,0,0,0,0,1,0,0,0,1
L0494,205000,180,7.0,88,48,1,630,5,68,0,2,4,5,22000,0,1,1,3,52000,3600,1,0,0.8307692307692308,0.0,0.0,0.0,0.0,0.0,0.0,0.0,0.0,0.0,0.0,0.0,1,0,0,1,0,0,1,0,0,1,0,0,1,0,0,0,0,0,0,0,0,1,0,0,0,1,0,0
L0495,365000,360,6.375,81,36,0,735,9,30,0,0,2,14,51000,0,0,0,10,102000,3000,1,1,0.35294117647058826,0.0,0.0,0.0,0.0,0.0,0.0,0.0,0.0,0.0,0.0,0.0,0,1,0,0,0,1,1,0,0,1,0,0,0,0,1,0,0,0,0,0,0,0,0,1,0,0,0,1
L0496,275000,360,6.5,78,32,0,745,10,27,0,0,1,16,57000,0,0,0,9,88000,2400,1,1,0.32727272727272727,0.0,0.0,0.0,0.0,0.0,0.0,0.0,0.0,0.0,0.0,0.0,0,1,0,0,1,0,1,0,0,1,0,0,0,0,1,0,0,0,0,0,0,0,1,0,0,0,1,0
L0497,420000,360,5.875,74,29,0,775,13,21,0,0,0,20,84000,0,0,0,15,152000,3700,1,1,0.29210526315789476,0.0,0.0,0.0,0.0,0.0,0.0,0.0,0.0,0.0,0.0,0.0,0,0,1,0,1,0,1,0,1,0,0,0,0,0,0,1,0,0,0,0,0,0,0,1,0,0,0,1
L0498,185000,360,6.875,90,50,1,600,3,84,1,4,6,3,14000,1,1,1,1,40000,4200,1,0,1.26,0.0,0.0,0.0,0.0,0.0,0.0,0.0,0.0,0.0,0.0,0.0,0,1,0,0,1,0,1,0,0,1,0,0,1,0,0,0,0,0,0,0,0,1,0,0,1,0,0,0
L0499,340000,360,6.25,84,38,0,740,10,28,0,0,1,15,56000,0,0,0,10,105000,3300,1,1,0.37714285714285717,0.0,0.0,0.0,0.0,0.0,0.0,0.0,0.0,0.0,0.0,0.0,0,1,0,0,1,0,1,0,0,1,0,0,0,0,1,0,0,0,0,0,0,0,0,1,0,0,0,1
L0500,260000,360,6.5,79,34,0,730,9,31,0,0,2,13,49000,0,0,0,9,90000,2500,1,1,0.3333333333333333,0.0,0.0,0.0,0.0,0.0,0.0,0.0,0.0,0.0,0.0,0.0,0,1,0,1,0,0,1,0,0,1,0,0,0,0,1,0,0,0,0,0,0,0,1,0,0,0,1,0
